지점,지점명,일시,평균기온(°C),최고기온(°C),월합강수량(00~24h만)(mm),일최다강수량(mm),최심적설(cm),최심신적설(cm)
90,속초,2020-01,3.4,11.2,148.1,58.6,,
90,속초,2020-02,4.1,16.1,55.8,24.1,,
90,속초,2020-03,7.9,19.3,38,20.7,,
90,속초,2020-04,11.3,24.5,38.4,18.1,,
90,속초,2020-05,17.1,32.4,245.1,140,,
90,속초,2020-06,22.2,33.2,271.9,214.6,,
90,속초,2020-07,21.6,33.3,374.7,115.5,,
90,속초,2020-08,25.7,35.1,411.3,127.9,,
90,속초,2020-09,20.1,28.7,482.8,192.5,,
90,속초,2020-10,14.3,23.7,0,0,,
90,속초,2020-11,10,23.1,19.2,15.3,,
90,속초,2020-12,1.8,11.2,.5,.5,,
90,속초,2021-01,-1.2,9.7,0,0,,
90,속초,2021-02,3.1,17.8,5,4.8,,
90,속초,2021-03,8,18.9,104.2,73.4,,
90,속초,2021-04,12.3,23.8,97.2,40.5,,
90,속초,2021-05,16.7,29.8,154.9,67,,
90,속초,2021-06,20.3,30,43.8,10.2,,
90,속초,2021-07,25.5,33.2,104.1,50.3,,
90,속초,2021-08,24.4,33.8,247.1,83.5,,
90,속초,2021-09,20.9,28.8,141.6,43.1,,
90,속초,2021-10,15.5,27.5,216.9,56.9,,
90,속초,2021-11,9.9,20.1,16.2,10.9,,
90,속초,2021-12,2.8,13.9,68.7,42.1,,
93,북춘천,2020-01,-.7,10.9,55.9,37.5,.4,.4
93,북춘천,2020-02,.7,15.5,35.3,19.4,1.8,1.8
93,북춘천,2020-03,6.1,21,13.7,7,,
93,북춘천,2020-04,9.7,24.6,17,10.2,,
93,북춘천,2020-05,17.4,29.8,122.2,40.5,,
93,북춘천,2020-06,23.5,35.8,79.1,45.1,,
93,북춘천,2020-07,23.3,32.7,183.6,60.9,,
93,북춘천,2020-08,25.6,35.4,821.2,188.5,,
93,북춘천,2020-09,19,30,153.1,43.1,,
93,북춘천,2020-10,10.9,23.7,.3,.2,,
93,북춘천,2020-11,5.3,19.4,75.2,62.8,,
93,북춘천,2020-12,-3.6,9.9,4.8,4.5,6.2,6.2
93,북춘천,2021-01,-5.7,11.5,14.3,3.3,4.9,3.9
93,북춘천,2021-02,.4,19.7,5.6,2.6,8.9,4.5
93,북춘천,2021-03,7.1,22.8,100.1,66.2,9.8,9.5
93,북춘천,2021-04,12.4,29.2,110.2,56.6,,
93,북춘천,2021-05,15.6,30.6,159.3,67.4,,
93,북춘천,2021-06,21.6,32.3,128.1,26.2,,
93,북춘천,2021-07,26.7,36.6,202,58.7,,
93,북춘천,2021-08,24.3,34.4,122.5,31.2,,
93,북춘천,2021-09,20.7,29.7,103.7,37.5,,
93,북춘천,2021-10,13.1,28.2,64.4,29.7,,
93,북춘천,2021-11,5.3,21,49.8,27.1,,
93,북춘천,2021-12,-2.2,11.4,5.2,1.9,6.4,3.5
95,철원,2020-01,-1.2,11,79.7,52.3,,
95,철원,2020-02,0,15.8,46.8,14.1,,
95,철원,2020-03,5.5,19.9,16.9,9.3,,
95,철원,2020-04,9.1,22.8,20.9,12,,
95,철원,2020-05,16.9,28.8,161.7,57.3,,
95,철원,2020-06,22.5,33.6,92.2,46.3,,
95,철원,2020-07,22.8,31.7,184.5,48.5,,
95,철원,2020-08,25.1,34.9,903,155.5,,
95,철원,2020-09,18.8,30.1,166,37.4,,
95,철원,2020-10,10.9,23.1,4.1,1.6,,
95,철원,2020-11,5,19.8,72.3,51,,
95,철원,2020-12,-3.9,9.9,1.2,1.2,,
95,철원,2021-01,-5.9,13.1,7.6,3.1,,
95,철원,2021-02,.1,17.3,4.8,2.5,,
95,철원,2021-03,6.2,21.7,103.7,63.2,,
95,철원,2021-04,12,28,99.3,43.9,,
95,철원,2021-05,15.5,29.7,199.1,79.4,,
95,철원,2021-06,21.2,31.1,67.6,18,,
95,철원,2021-07,26.1,35.7,117.2,52.5,,
95,철원,2021-08,23.6,32.1,219.6,53.4,,
95,철원,2021-09,20.3,29.6,105.9,44.5,,
95,철원,2021-10,12.7,27.6,128.3,70.7,,
95,철원,2021-11,5.3,20.1,57.3,25,,
95,철원,2021-12,-2.1,11.1,4.9,1.6,,
98,동두천,2020-01,0,12.4,71.4,49.1,,
98,동두천,2020-02,1.2,17.5,54.8,22.9,,
98,동두천,2020-03,6.7,22.3,19.7,14,,
98,동두천,2020-04,10.2,24.6,19.5,13.7,,
98,동두천,2020-05,17.1,29.5,134.3,38.8,,
98,동두천,2020-06,22.8,35.5,128.6,57.1,,
98,동두천,2020-07,23,32.2,248,95.2,,
98,동두천,2020-08,25.3,35,757.8,129.1,,
98,동두천,2020-09,19.5,30.1,130.4,45,,
98,동두천,2020-10,12,24.8,2.9,1.5,,
98,동두천,2020-11,6.3,19.7,73.9,52.5,,
98,동두천,2020-12,-2.2,10.9,.6,.3,,
98,동두천,2021-01,-4.2,15,15.4,4.7,,
98,동두천,2021-02,1.3,19.2,8.5,5.8,,
98,동두천,2021-03,7.7,23.9,107.8,70.7,,
98,동두천,2021-04,13,29.1,99.3,49,,
98,동두천,2021-05,15.8,29.9,228.8,79.4,,
98,동두천,2021-06,21.3,30.8,103.3,23.7,,
98,동두천,2021-07,26.4,35.7,100.2,34.8,,
98,동두천,2021-08,24.3,32.6,140.6,52.7,,
98,동두천,2021-09,20.8,29.6,100.6,50.1,,
98,동두천,2021-10,13.7,28.2,71.2,36.8,,
98,동두천,2021-11,6.4,22.2,51.6,22.6,,
98,동두천,2021-12,-1.1,12.8,8.3,3.3,,
99,파주,2020-01,-.6,10.9,82.3,63.7,,
99,파주,2020-02,.6,16.4,54.3,24.3,,
99,파주,2020-03,5.7,21.6,12.1,11.2,,
99,파주,2020-04,9.3,23,17.5,10.7,,
99,파주,2020-05,16.4,28.5,131.8,39,,
99,파주,2020-06,22,34.4,131.4,71.2,,
99,파주,2020-07,22.7,30.7,231.2,94.7,,
99,파주,2020-08,25.2,34.2,682.6,143,,
99,파주,2020-09,19.3,30.5,195.7,59.2,,
99,파주,2020-10,11.2,24.2,3.5,3.5,,
99,파주,2020-11,5.4,19.8,64.2,40,,
99,파주,2020-12,-3.3,10.6,5.7,4.8,,
99,파주,2021-01,-5.1,13.4,12.9,4.9,,
99,파주,2021-02,.5,16.8,10,7.5,,
99,파주,2021-03,6.7,22,112.4,64.8,,
99,파주,2021-04,12.2,26.7,106.4,48.5,,
99,파주,2021-05,15.5,29.4,243,100,,
99,파주,2021-06,21.1,30.2,50.4,14.3,,
99,파주,2021-07,26.1,35.1,93.6,46.2,,
99,파주,2021-08,24.1,33,183.3,72.5,,
99,파주,2021-09,20.6,29.5,93.5,47.2,,
99,파주,2021-10,13,27.3,79.4,42.5,,
99,파주,2021-11,5.5,21.8,47.2,23.1,,
99,파주,2021-12,-1.9,12.3,5.8,1.8,,
100,대관령,2020-01,-3.2,9.3,86.3,44.6,,
100,대관령,2020-02,-2.7,10.3,45.5,30.5,,
100,대관령,2020-03,2.1,20.5,39.1,16.6,,
100,대관령,2020-04,4.8,20.1,64.2,26.4,,
100,대관령,2020-05,12.8,25.2,104.6,28.8,,
100,대관령,2020-06,18.7,31.6,157.5,130.7,,
100,대관령,2020-07,17.9,28.7,382.3,136.8,,
100,대관령,2020-08,22.2,30.8,296.7,79.2,,
100,대관령,2020-09,14.7,26.3,551,137.3,,
100,대관령,2020-10,7.9,19.7,1.8,1.2,,
100,대관령,2020-11,3.4,18.3,22.6,21.1,,
100,대관령,2020-12,-5.4,8,4.2,3.2,,
100,대관령,2021-01,-7.3,7.6,7.8,2.6,,
100,대관령,2021-02,-2,15.6,2.2,1.4,,
100,대관령,2021-03,3,16.1,86.2,52.8,,
100,대관령,2021-04,7.5,20.9,98.4,41.6,,
100,대관령,2021-05,11.8,25.2,154,59.9,,
100,대관령,2021-06,16.8,27.8,78.6,34.5,,
100,대관령,2021-07,21.4,30.1,124.8,46.3,,
100,대관령,2021-08,19.6,30.6,217.2,34.9,,
100,대관령,2021-09,15.7,25.5,153.9,69,,
100,대관령,2021-10,9.7,26.1,65.2,18.1,,
100,대관령,2021-11,2.7,15.1,32.6,14.3,,
100,대관령,2021-12,-3.9,9,6.4,6.2,,
101,춘천,2020-01,-.1,11.2,80,58.2,,
101,춘천,2020-02,1.4,14.5,54.2,24.8,,
101,춘천,2020-03,7,21.5,13.8,10.3,,
101,춘천,2020-04,10.5,24.3,14.4,9.3,,
101,춘천,2020-05,18.1,30.1,118.3,36.4,,
101,춘천,2020-06,24.2,36.4,75.8,46.3,,
101,춘천,2020-07,23.8,33,174.3,63,,
101,춘천,2020-08,26.1,34.6,773.7,178.7,,
101,춘천,2020-09,19.7,30.8,157.2,44.5,,
101,춘천,2020-10,11.9,24.3,.1,.1,,
101,춘천,2020-11,6.1,19.5,84.2,72,,
101,춘천,2020-12,-2.7,10.5,4.9,4.5,,
101,춘천,2021-01,-4.7,12.6,17.7,4.5,,
101,춘천,2021-02,1.2,19.9,6.6,2.6,,
101,춘천,2021-03,7.8,23.5,104.1,69.7,,
101,춘천,2021-04,13.1,29.2,121.7,63.1,,
101,춘천,2021-05,16.4,31.2,172.3,69.1,,
101,춘천,2021-06,22.3,33,99.7,31.6,,
101,춘천,2021-07,27.3,36.6,169.5,41.4,,
101,춘천,2021-08,24.9,34.3,129.6,34.8,,
101,춘천,2021-09,21.3,30.1,106,38.3,,
101,춘천,2021-10,14,28.5,60.6,24.6,,
101,춘천,2021-11,6.3,20.6,53,30.2,,
101,춘천,2021-12,-1.2,11.5,5.1,1.4,,
102,백령도,2020-01,2.8,8.6,40.9,35.1,,
102,백령도,2020-02,2.7,11.1,28.4,14.9,4.3,4.1
102,백령도,2020-03,6.1,15.4,6.9,6.8,,
102,백령도,2020-04,9.4,17.2,20.5,10.7,,
102,백령도,2020-05,13.7,22.5,223.2,85,,
102,백령도,2020-06,18.9,28,119.4,79.1,,
102,백령도,2020-07,21,27.3,214.3,78.2,,
102,백령도,2020-08,23.8,30.5,302.9,74.3,,
102,백령도,2020-09,20.4,25.6,232.9,104.8,,
102,백령도,2020-10,15.1,21.2,22.5,11.8,,
102,백령도,2020-11,9.4,18.8,37.4,18,,
102,백령도,2020-12,2.4,10.5,9.1,3.6,6.3,5.1
102,백령도,2021-01,-1,9.4,64.5,13.7,50.6,18.1
102,백령도,2021-02,2.1,12.9,4.6,1.8,1.5,1.5
102,백령도,2021-03,6.1,17.1,68,37.7,,
102,백령도,2021-04,10.9,20.2,67.1,41.5,,
102,백령도,2021-05,14.5,23.1,67.3,14.4,,
102,백령도,2021-06,18.7,27.1,178.5,131.6,,
102,백령도,2021-07,24,31.7,39.7,32.3,,
102,백령도,2021-08,23.6,28.8,346.4,81.1,,
102,백령도,2021-09,21.4,26.7,164.4,42.1,,
102,백령도,2021-10,16.1,24.2,60.7,32.9,,
102,백령도,2021-11,10.2,19.5,46.2,18.7,,
102,백령도,2021-12,3.5,11.5,12.4,3.6,3.5,3.5
104,북강릉,2020-01,3.5,10.6,102.7,48.9,.5,.5
104,북강릉,2020-02,4.1,16.6,70.7,41.7,4.2,4.2
104,북강릉,2020-03,8,19.4,48.8,19.5,7,3.7
104,북강릉,2020-04,10.8,25.8,68.5,23,,
104,북강릉,2020-05,17,32.2,111.5,38.9,,
104,북강릉,2020-06,22.2,33.2,244.4,217,,
104,북강릉,2020-07,21,31.7,435.7,128.2,,
104,북강릉,2020-08,25.4,35.2,171.1,29.6,,
104,북강릉,2020-09,19.4,29,541.7,206.5,,
104,북강릉,2020-10,13.7,25.4,.2,.1,,
104,북강릉,2020-11,9.9,24.7,5.8,5.8,,
104,북강릉,2020-12,1.7,11.8,.6,.6,.4,.4
104,북강릉,2021-01,-.6,13.7,13,10.3,,
104,북강릉,2021-02,3.8,18.5,5.6,5.5,,
104,북강릉,2021-03,8.3,18.9,115.7,75.6,37.4,32.4
104,북강릉,2021-04,12.4,24.2,115,50.9,,
104,북강릉,2021-05,16.4,28.8,157.6,73.2,,
104,북강릉,2021-06,20.1,29.7,30.4,15.4,,
104,북강릉,2021-07,24.5,32,146,64.7,,
104,북강릉,2021-08,23.5,34.1,479.1,145.8,,
104,북강릉,2021-09,20,27.5,128.7,86.7,,
104,북강릉,2021-10,15.2,31.7,143.1,60.7,,
104,북강릉,2021-11,10,20.1,16.6,8.5,,
104,북강릉,2021-12,3.3,14.4,41.6,18,35.3,23.5
105,강릉,2020-01,4.4,12.5,107.5,50,,
105,강릉,2020-02,5,16.7,77.5,43.5,,
105,강릉,2020-03,8.7,21.7,47.1,17.3,,
105,강릉,2020-04,11.8,26.8,65.6,23.3,,
105,강릉,2020-05,18.3,32.5,95.5,26.7,,
105,강릉,2020-06,24.1,34.5,270.4,250,,
105,강릉,2020-07,22.4,33.4,375.9,121.8,,
105,강릉,2020-08,27,36.5,150.4,37.9,,
105,강릉,2020-09,20.6,29.7,613.8,236.2,,
105,강릉,2020-10,15.1,26.6,.6,.5,,
105,강릉,2020-11,11,25.5,7.7,7.7,,
105,강릉,2020-12,3,14.3,.9,.9,,
105,강릉,2021-01,.6,15.4,11.4,8.8,,
105,강릉,2021-02,4.9,20.7,5.1,5.1,,
105,강릉,2021-03,9.7,21.1,122,79.7,,
105,강릉,2021-04,13.8,25.1,108.1,43.3,,
105,강릉,2021-05,17.9,30.9,157.5,63.5,,
105,강릉,2021-06,22,30.3,32.5,14.2,,
105,강릉,2021-07,26.7,35.6,142.2,57.7,,
105,강릉,2021-08,25.5,36.5,438.1,135.9,,
105,강릉,2021-09,21.7,29.6,111.6,76.9,,
105,강릉,2021-10,16.5,32.3,130.9,48.8,,
105,강릉,2021-11,11.1,22.2,13.1,5.2,,
105,강릉,2021-12,4.4,17.1,43.9,17.6,,
106,동해,2020-01,4.2,11.4,97.9,42.4,,
106,동해,2020-02,4.6,15.4,73.7,33,,
106,동해,2020-03,7.9,19.4,48.3,19.4,,
106,동해,2020-04,10.9,25.3,50.9,17,,
106,동해,2020-05,16.3,30.9,90.3,30.1,,
106,동해,2020-06,20.8,31.5,120.4,100.5,,
106,동해,2020-07,20.2,30.1,346.1,99.9,,
106,동해,2020-08,24.4,32.9,171.9,50.3,,
106,동해,2020-09,19.3,28.2,304,83.8,,
106,동해,2020-10,13.8,23.5,5.1,5.1,,
106,동해,2020-11,10.1,23.2,11.5,11.5,,
106,동해,2020-12,2.7,12.8,2.3,1.6,,
106,동해,2021-01,.6,15.2,2.7,1.5,,
106,동해,2021-02,4.6,21.7,.9,.9,,
106,동해,2021-03,8.6,19.2,99.8,67.3,,
106,동해,2021-04,11.9,24,80.3,34.8,,
106,동해,2021-05,15.8,27,116.9,49.6,,
106,동해,2021-06,19.8,28.4,40.6,14.6,,
106,동해,2021-07,24.6,32.2,110.8,51,,
106,동해,2021-08,23.8,31.9,423.3,85.5,,
106,동해,2021-09,20.8,28.3,176.8,103.5,,
106,동해,2021-10,15.8,29.5,150.5,43.4,,
106,동해,2021-11,10.9,20.5,7.6,3.1,,
106,동해,2021-12,4.8,15.3,34.4,21.3,,
108,서울,2020-01,1.6,11.9,60.5,46.3,.3,.3
108,서울,2020-02,2.5,15.6,53.1,16.6,5.5,3.9
108,서울,2020-03,7.7,20.6,16.3,11.8,,
108,서울,2020-04,11.1,23.8,16.9,10.3,,
108,서울,2020-05,18,30,112.4,29.8,,
108,서울,2020-06,23.9,35.4,139.6,64.7,,
108,서울,2020-07,24.1,32.9,270.4,103.1,,
108,서울,2020-08,26.5,34.5,675.7,102.6,,
108,서울,2020-09,21.4,29.5,181.5,61,,
108,서울,2020-10,14.3,23.6,0,0,,
108,서울,2020-11,8,20,120.1,86.9,,
108,서울,2020-12,-.3,11.4,4.6,2.9,3.2,3.2
108,서울,2021-01,-2.4,13.9,18.9,9.2,5.1,5
108,서울,2021-02,2.7,17.4,7.1,3.4,4.3,4.2
108,서울,2021-03,9,22.9,110.9,67.5,2.3,2.3
108,서울,2021-04,14.2,28.2,124.1,56.2,,
108,서울,2021-05,17.1,30.8,183.1,66.9,,
108,서울,2021-06,22.8,31.6,104.6,38.2,,
108,서울,2021-07,28.1,36.5,168.3,67.4,,
108,서울,2021-08,25.9,33.7,211.2,77.4,,
108,서울,2021-09,22.6,30.3,131,68.1,,
108,서울,2021-10,15.6,28.8,57,14.2,,
108,서울,2021-11,8.2,21.3,62.4,27.2,,
108,서울,2021-12,.6,13.3,7.9,2.8,4.6,4.4
112,인천,2020-01,1.8,10.4,48.6,42.2,,
112,인천,2020-02,2.5,14.5,49.7,17.5,3.5,3.5
112,인천,2020-03,7.1,19.9,10.7,6.1,,
112,인천,2020-04,10.4,20.5,13.8,11.2,,
112,인천,2020-05,16.7,26.8,101.2,35.7,,
112,인천,2020-06,21.8,31.7,100.2,32.5,,
112,인천,2020-07,23.2,30.4,243.5,101.8,,
112,인천,2020-08,25.9,33.9,486.4,106.6,,
112,인천,2020-09,21.3,29.9,167.7,62.7,,
112,인천,2020-10,14.8,22.4,1.9,1.2,,
112,인천,2020-11,8.3,19.4,81.6,47.7,,
112,인천,2020-12,.2,10.2,6.6,3.7,1.2,1.2
112,인천,2021-01,-2,12.6,20.8,14.4,4,4
112,인천,2021-02,2.1,15.5,6.6,3.3,4.6,4.5
112,인천,2021-03,7.7,19,93.4,58.7,.4,.4
112,인천,2021-04,13.2,24.8,116.9,54.7,,
112,인천,2021-05,16.2,28,191.5,61.4,,
112,인천,2021-06,21.6,29.8,45.4,16.1,,
112,인천,2021-07,27.2,34.5,84.2,52.7,,
112,인천,2021-08,25.5,32.5,269,82.7,,
112,인천,2021-09,22.7,29.4,125.8,74.6,,
112,인천,2021-10,16,26.9,31.6,7.8,,
112,인천,2021-11,8.8,21.1,79,31.4,,
112,인천,2021-12,1.3,10.9,7.6,4.6,5.2,5.2
114,원주,2020-01,1.2,11.7,58.7,47.5,,
114,원주,2020-02,2.5,16.5,65.5,21.9,,
114,원주,2020-03,7.8,23.1,21.2,11.1,,
114,원주,2020-04,11,24,15.7,9.1,,
114,원주,2020-05,18.2,29.1,80,33.8,,
114,원주,2020-06,24.1,34.5,49.6,17.8,,
114,원주,2020-07,23.7,33,204.7,50.4,,
114,원주,2020-08,26.1,34.4,634,93.2,,
114,원주,2020-09,19.9,30,148.9,40,,
114,원주,2020-10,12.7,24,11.3,10.7,,
114,원주,2020-11,7.3,22.2,23.6,17.9,,
114,원주,2020-12,-1.4,11,3.8,2.5,,
114,원주,2021-01,-2.9,13.8,8.4,3.8,,
114,원주,2021-02,2.5,20.4,4.2,1.9,,
114,원주,2021-03,8.8,22.9,73.2,55.5,,
114,원주,2021-04,13.8,28.7,88.9,53.5,,
114,원주,2021-05,16.5,29.3,142.7,45.1,,
114,원주,2021-06,22.3,31.8,133,67.4,,
114,원주,2021-07,26.7,35.6,199.8,80.4,,
114,원주,2021-08,24.6,34.5,172.9,74.2,,
114,원주,2021-09,21.1,28.9,183.5,68.7,,
114,원주,2021-10,14.4,28.6,45.6,17,,
114,원주,2021-11,7.3,20.8,55.9,25.4,,
114,원주,2021-12,.3,12,4.9,3.7,,
115,울릉도,2020-01,4.5,13.7,112.9,26.3,10,10
115,울릉도,2020-02,4.4,13.2,215.7,78.4,113.5,79
115,울릉도,2020-03,7.4,18.5,65.5,23.5,4.4,3
115,울릉도,2020-04,10.4,20.9,44.5,13.5,,
115,울릉도,2020-05,16.4,26.6,124.6,53.3,,
115,울릉도,2020-06,21.5,28.7,100.9,61.7,,
115,울릉도,2020-07,20.8,29.2,308.2,83,,
115,울릉도,2020-08,25.7,32,68.4,30.5,,
115,울릉도,2020-09,20,27.2,110.8,47.3,,
115,울릉도,2020-10,15.3,24.2,82.5,44.8,,
115,울릉도,2020-11,10.8,20.7,118.8,35.2,,
115,울릉도,2020-12,4,13.1,109.2,35.1,48.6,30.4
115,울릉도,2021-01,1.3,12.3,105.9,36,70.8,26.8
115,울릉도,2021-02,4.6,16.6,74.6,26.6,25.2,23.4
115,울릉도,2021-03,8.1,17.1,59.3,28.9,6.4,6.2
115,울릉도,2021-04,11.6,25.3,143.9,33.7,,
115,울릉도,2021-05,15.7,22.7,92.2,20.6,,
115,울릉도,2021-06,19.7,26.7,82.3,61.9,,
115,울릉도,2021-07,24.8,31.6,89,44,,
115,울릉도,2021-08,24.2,32.2,312.2,92.7,,
115,울릉도,2021-09,20.6,27.5,179.2,80.6,,
115,울릉도,2021-10,15.8,26.6,191.8,43.1,,
115,울릉도,2021-11,11.1,20.1,38.3,9.8,,
115,울릉도,2021-12,4.9,16.3,164.3,29,57,29
119,수원,2020-01,1.6,12.2,61,50.8,,
119,수원,2020-02,2.4,15.3,59.2,22.6,6,2.5
119,수원,2020-03,7.1,20.9,19.5,7.6,,
119,수원,2020-04,10.5,23.8,15.8,11.5,,
119,수원,2020-05,17.6,29.7,97.9,36.7,,
119,수원,2020-06,23,34,91.1,29.5,,
119,수원,2020-07,23.8,33,384.7,92.9,,
119,수원,2020-08,26.7,34.9,659.3,134.2,,
119,수원,2020-09,21.1,29.7,163.4,59.9,,
119,수원,2020-10,13.8,24.3,22.2,21.9,,
119,수원,2020-11,7.7,20.7,56.8,43.3,,
119,수원,2020-12,-.4,11.4,4.6,2.4,2.4,2.4
119,수원,2021-01,-2.4,14.2,24.1,9.1,9.4,9.4
119,수원,2021-02,2.2,18.5,9.7,3.8,7.4,6.6
119,수원,2021-03,8.1,22.9,102.8,70.7,.3,.3
119,수원,2021-04,13.5,28.6,106.4,46.7,,
119,수원,2021-05,16.5,30.4,179.2,32.6,,
119,수원,2021-06,22.5,32.3,50.1,17.2,,
119,수원,2021-07,27.7,36.3,134.4,33.3,,
119,수원,2021-08,25.7,34.4,161.1,42.1,,
119,수원,2021-09,22.6,29.9,164.1,70.9,,
119,수원,2021-10,15.6,28.7,36,11.3,,
119,수원,2021-11,7.9,21.8,104.2,38.4,,
119,수원,2021-12,.7,13.6,12.3,3.4,3.4,2.5
121,영월,2020-01,.8,12.7,63.1,48.8,,
121,영월,2020-02,2.1,17.9,47.1,17.3,,
121,영월,2020-03,7.4,23.1,21.3,12.3,,
121,영월,2020-04,10.3,24.5,18.1,13,,
121,영월,2020-05,17.2,30.6,88,26.2,,
121,영월,2020-06,22.9,36.8,53.1,17.8,,
121,영월,2020-07,22.5,35,248.4,74.7,,
121,영월,2020-08,25,34.3,606.5,204.7,,
121,영월,2020-09,18.7,29,139.6,35.4,,
121,영월,2020-10,11.8,24.9,10.5,10.3,,
121,영월,2020-11,6.8,22.2,38.4,31.7,,
121,영월,2020-12,-2.2,11.6,10,8.6,,
121,영월,2021-01,-3,13.5,13.1,4.4,,
121,영월,2021-02,2.2,20.9,9.4,6.2,,
121,영월,2021-03,8.2,23.5,93.8,62.2,,
121,영월,2021-04,12.7,30,95.8,50.5,,
121,영월,2021-05,15.4,31.3,154.3,63.9,,
121,영월,2021-06,21,32.3,141,72.9,,
121,영월,2021-07,25.4,36.6,180.2,30.8,,
121,영월,2021-08,23.3,34.8,192.6,31.3,,
121,영월,2021-09,19.9,28.7,136.9,53.2,,
121,영월,2021-10,13.5,28.4,44.8,12.5,,
121,영월,2021-11,6.6,22.7,40.8,20.1,,
121,영월,2021-12,.1,12.7,3.7,1.5,,
127,충주,2020-01,.6,13.8,60.2,48,,
127,충주,2020-02,1.8,15.6,61.9,29.4,,
127,충주,2020-03,7,22.1,20.7,12.7,,
127,충주,2020-04,10.2,25.6,25.9,13.4,,
127,충주,2020-05,17.8,29.6,109.7,53.7,,
127,충주,2020-06,23.4,34.4,112.1,31,,
127,충주,2020-07,23.1,32.4,352.2,82.3,,
127,충주,2020-08,26.1,34.5,505.6,84.2,,
127,충주,2020-09,19.6,30.2,146.4,46,,
127,충주,2020-10,11.8,24.6,10.7,10.4,,
127,충주,2020-11,6.5,23.4,30,19.9,,
127,충주,2020-12,-2.7,11.3,11.1,8.1,,
127,충주,2021-01,-3.6,13.3,13.6,4.9,,
127,충주,2021-02,1.7,22.3,12.3,7.5,,
127,충주,2021-03,8.1,23.2,80.5,48,,
127,충주,2021-04,13.1,29.4,63.4,36.4,,
127,충주,2021-05,16.2,30,178.4,54.9,,
127,충주,2021-06,22.1,31.6,130.4,42.3,,
127,충주,2021-07,26.4,34.7,310.7,85.4,,
127,충주,2021-08,24.4,34.9,239.9,45.9,,
127,충주,2021-09,21,29.1,240.3,111.5,,
127,충주,2021-10,13.8,30.1,45.5,13.6,,
127,충주,2021-11,6.4,20.5,44.9,20.5,,
127,충주,2021-12,-.5,11.6,5.6,2.1,,
129,서산,2020-01,1.8,13.1,46,42.2,,
129,서산,2020-02,2.5,16.4,72.3,40.8,,
129,서산,2020-03,6.5,20.1,23,11.2,,
129,서산,2020-04,9.8,22.7,20.7,17.2,,
129,서산,2020-05,16.9,28.7,101.3,22.3,,
129,서산,2020-06,22.1,33.7,144,66.7,,
129,서산,2020-07,23,32.1,329.4,112.8,,
129,서산,2020-08,26.2,34.9,400,102.9,,
129,서산,2020-09,20.5,30.5,257.7,118.6,,
129,서산,2020-10,13.3,24.1,12.6,12.2,,
129,서산,2020-11,8,21.2,72,50.8,,
129,서산,2020-12,.5,12.9,9.7,7,,
129,서산,2021-01,-1.8,13.6,25.3,13.2,,
129,서산,2021-02,2.5,16.7,9.6,4.4,,
129,서산,2021-03,7.5,23.4,112.8,72.5,,
129,서산,2021-04,12.8,28.1,110.6,42.5,,
129,서산,2021-05,16.2,30,132.3,25.8,,
129,서산,2021-06,21.9,32.2,70.9,22.3,,
129,서산,2021-07,26.7,35.8,121.6,67.1,,
129,서산,2021-08,25.2,34.5,217.8,59.8,,
129,서산,2021-09,21.9,29.9,206,93.4,,
129,서산,2021-10,15.2,28.2,55.9,19.9,,
129,서산,2021-11,8.2,22.1,126.2,36,,
129,서산,2021-12,1.6,13.5,18.3,4.7,,
130,울진,2020-01,4.4,12.8,103,35.7,,
130,울진,2020-02,4.9,18.1,64.8,27.2,,
130,울진,2020-03,8.3,24.4,35.8,17.2,,
130,울진,2020-04,11.4,29,54.3,20,,
130,울진,2020-05,17.2,32.8,58.9,25,,
130,울진,2020-06,21.1,33.7,126.9,73.5,,
130,울진,2020-07,20.8,31.7,482.7,178.4,,
130,울진,2020-08,25.5,35,148.9,50.8,,
130,울진,2020-09,20,30.3,236.3,75.2,,
130,울진,2020-10,14.3,26.8,1.9,.8,,
130,울진,2020-11,10.1,22.7,21.3,20.5,,
130,울진,2020-12,2.4,14.6,1.4,1.4,,
130,울진,2021-01,.6,15.7,7.2,3,,
130,울진,2021-02,4.8,24,3.1,2.2,,
130,울진,2021-03,8.9,20.4,106.6,51.6,,
130,울진,2021-04,12.1,25.9,76.2,30.2,,
130,울진,2021-05,16,28.5,137.2,64.1,,
130,울진,2021-06,19.9,29,49.5,17,,
130,울진,2021-07,24.7,32.5,120.2,44.4,,
130,울진,2021-08,24,31.9,291.3,53.9,,
130,울진,2021-09,21,28.8,142.7,88,,
130,울진,2021-10,15.7,28.6,201.2,101.6,,
130,울진,2021-11,10,21.2,18.1,10,,
130,울진,2021-12,3.8,15.7,5.6,2.9,,
131,청주,2020-01,2.6,13.3,62,51.7,0,0
131,청주,2020-02,3.5,16.4,62.7,37.5,5.5,5.4
131,청주,2020-03,8.5,22.5,22.9,14.4,,
131,청주,2020-04,11.8,26.6,15.7,11.5,,
131,청주,2020-05,19.2,29.8,65.3,23.7,,
131,청주,2020-06,24.5,34.4,145.9,59.8,,
131,청주,2020-07,24.3,32.8,386.6,79.3,,
131,청주,2020-08,27.7,36,385.8,61.1,,
131,청주,2020-09,21.5,31.7,160.6,56,,
131,청주,2020-10,14.5,25.2,5.8,5.8,,
131,청주,2020-11,8.8,21.2,41,23.7,,
131,청주,2020-12,.4,12.1,4.3,1.6,5.8,5.3
131,청주,2021-01,-1.4,13.5,12.7,3.5,6.3,5
131,청주,2021-02,3.6,22.1,7.5,4.2,3.9,3.9
131,청주,2021-03,9.6,23.8,76.6,53.3,.2,.2
131,청주,2021-04,14.8,29.7,46.4,23.2,,
131,청주,2021-05,17.8,31.3,136.4,35.9,,
131,청주,2021-06,23.8,33.5,75.4,25.7,,
131,청주,2021-07,28.3,36.4,138.1,38.3,,
131,청주,2021-08,26.1,35.5,233.1,53.2,,
131,청주,2021-09,22.8,30.1,185,66.5,,
131,청주,2021-10,16.1,30.6,29.4,10.9,,
131,청주,2021-11,9,21.3,57.3,23.9,,
131,청주,2021-12,1.7,12.6,3.7,1,2.2,2.2
133,대전,2020-01,2.7,14.2,78.5,57,,
133,대전,2020-02,3.6,16.8,91.2,55.3,2,1.5
133,대전,2020-03,8.5,23.1,24.4,12.6,,
133,대전,2020-04,11.5,26.9,17.8,12.4,,
133,대전,2020-05,18.8,29.3,80.4,24.9,,
133,대전,2020-06,24.1,34.3,192.5,58.7,,
133,대전,2020-07,23.6,31.6,544.9,141.3,,
133,대전,2020-08,27.5,35.4,361.6,59.3,,
133,대전,2020-09,21.2,31.4,173.6,61.8,,
133,대전,2020-10,14.2,25.5,3.2,2.1,,
133,대전,2020-11,8.6,22.1,41.8,28.5,,
133,대전,2020-12,.5,13.4,4.1,2.5,2,2
133,대전,2021-01,-1,14.5,23.6,4.6,7.6,6.6
133,대전,2021-02,4,22.6,14.1,8.1,5.7,5.7
133,대전,2021-03,9.6,24.4,95.2,50.8,,
133,대전,2021-04,14.7,29.9,47.4,22,,
133,대전,2021-05,17.7,31.8,134.2,43.7,,
133,대전,2021-06,23.5,32.9,105.9,24.2,,
133,대전,2021-07,27.8,36.1,151.8,42.2,,
133,대전,2021-08,25.8,35.3,289.2,65,,
133,대전,2021-09,22.4,30.8,161.2,52.4,,
133,대전,2021-10,15.7,31.2,40.8,13.5,,
133,대전,2021-11,8.9,21.9,41.7,20.7,,
133,대전,2021-12,1.9,14.1,4.4,1.6,2.3,2.3
135,추풍령,2020-01,1.4,12.3,71,30.6,,
135,추풍령,2020-02,2.2,15.8,68.2,44.2,,
135,추풍령,2020-03,7.1,23.4,21,10,,
135,추풍령,2020-04,10.2,25.8,39.7,20.2,,
135,추풍령,2020-05,17.1,29.7,65.3,22.2,,
135,추풍령,2020-06,22.2,33.6,182.8,79.5,,
135,추풍령,2020-07,21.4,29.6,499.3,83.8,,
135,추풍령,2020-08,25.4,32.9,333.5,69.4,,
135,추풍령,2020-09,18.7,27.5,226.8,78,,
135,추풍령,2020-10,12.4,24.4,5,3.1,,
135,추풍령,2020-11,7.2,21.7,38.3,22.3,,
135,추풍령,2020-12,-.8,11.8,3.1,1.5,,
135,추풍령,2021-01,-2.3,13.5,18.2,3.9,,
135,추풍령,2021-02,2.6,22.1,14.8,8.4,,
135,추풍령,2021-03,7.9,22,83.8,37.1,,
135,추풍령,2021-04,12.5,27.3,43.8,15.1,,
135,추풍령,2021-05,15.6,28.5,165.7,53,,
135,추풍령,2021-06,20.9,30.6,50.8,25.2,,
135,추풍령,2021-07,24.9,33.7,217.1,69.1,,
135,추풍령,2021-08,23.4,33.4,285.6,73.8,,
135,추풍령,2021-09,19.8,28.9,161.2,46.6,,
135,추풍령,2021-10,13.5,28.9,41,15.1,,
135,추풍령,2021-11,7.2,18.2,43.9,19.1,,
135,추풍령,2021-12,1,13.3,3.2,1.4,,
136,안동,2020-01,1.5,11.4,50.5,35.4,,
136,안동,2020-02,2.5,16.6,58.6,38.5,2,2
136,안동,2020-03,7.6,22.9,11,6.8,,
136,안동,2020-04,10.8,26.6,22.1,14.3,,
136,안동,2020-05,17.8,30.8,71.9,31.3,,
136,안동,2020-06,23.3,35.7,123.4,39.5,,
136,안동,2020-07,22.3,31.2,412.1,79.3,,
136,안동,2020-08,26.6,34.9,300.4,62.9,,
136,안동,2020-09,19.6,28.3,124.3,39.7,,
136,안동,2020-10,12.7,24.9,1.5,.8,,
136,안동,2020-11,7.2,22.3,35,30.6,,
136,안동,2020-12,-1.2,11.6,1,.8,.8,.8
136,안동,2021-01,-2.2,11.5,6,4.2,.9,.9
136,안동,2021-02,2.6,23.2,13.8,10.5,.4,.4
136,안동,2021-03,8.3,22.3,110.6,58.7,2.3,1.9
136,안동,2021-04,13,28.5,107.3,57,,
136,안동,2021-05,16.1,29.6,143.8,65.3,,
136,안동,2021-06,21.8,31.1,58.2,28.6,,
136,안동,2021-07,26,35.2,127.5,34.6,,
136,안동,2021-08,24.3,36,188.9,42.7,,
136,안동,2021-09,20.4,29.3,132.5,53.3,,
136,안동,2021-10,14.2,28.7,50.8,20.2,,
136,안동,2021-11,7.1,20.3,34.6,17.4,,
136,안동,2021-12,.8,13,0,0,.8,.8
137,상주,2020-01,2.3,11.6,60.9,38.2,,
137,상주,2020-02,3.1,16.9,79.6,49.9,,
137,상주,2020-03,8.2,25.2,13.3,7.3,,
137,상주,2020-04,11.7,27.9,36.3,22.4,,
137,상주,2020-05,18.4,31.8,106.5,35.1,,
137,상주,2020-06,23.6,35,192.2,45.5,,
137,상주,2020-07,22.4,31.9,466.7,107.2,,
137,상주,2020-08,26.6,33.9,428.6,75,,
137,상주,2020-09,19.8,29,147.3,41.8,,
137,상주,2020-10,13.4,25.8,2.7,1.6,,
137,상주,2020-11,8,20.8,27.9,22.1,,
137,상주,2020-12,-.1,12,1.7,1.5,,
137,상주,2021-01,-1.8,12.7,16.5,3.9,,
137,상주,2021-02,3.2,24,9.7,7.9,,
137,상주,2021-03,8.9,23.8,98.4,44.1,,
137,상주,2021-04,13.6,29,70.5,27.5,,
137,상주,2021-05,16.7,29.8,166.5,53,,
137,상주,2021-06,22.5,32,57,26.6,,
137,상주,2021-07,26.2,34.7,216.1,51.2,,
137,상주,2021-08,24.4,34.5,324.9,56.5,,
137,상주,2021-09,20.6,29.4,188.8,54.7,,
137,상주,2021-10,14.5,29.2,41.4,17.7,,
137,상주,2021-11,8,20.6,39.8,18.5,,
137,상주,2021-12,1.7,13.9,1.2,.4,,
138,포항,2020-01,5.3,14.8,152.3,62.7,,
138,포항,2020-02,6,17.8,59.9,46.9,,
138,포항,2020-03,10,24.1,29.4,21,,
138,포항,2020-04,13,27.8,45.5,17.6,,
138,포항,2020-05,18.9,31,41.7,23.7,,
138,포항,2020-06,23.7,35.6,112.9,40.4,,
138,포항,2020-07,22.6,33.5,346.1,115,,
138,포항,2020-08,28.6,36.9,180,95.5,,
138,포항,2020-09,21.6,30.9,246.7,103.4,,
138,포항,2020-10,16.4,26.9,4,3.2,,
138,포항,2020-11,11.3,24.9,20.4,19.3,,
138,포항,2020-12,3.3,15.3,0,0,,
138,포항,2021-01,1.8,16.7,26.9,15.7,.2,.2
138,포항,2021-02,6.2,24.9,15.5,7.2,,
138,포항,2021-03,10.7,21,88.6,41.1,,
138,포항,2021-04,13.9,25.1,69.8,31.3,,
138,포항,2021-05,18,30.1,109.8,31.7,,
138,포항,2021-06,22.2,32.1,36.6,15.7,,
138,포항,2021-07,26.5,35.3,203.7,56.6,,
138,포항,2021-08,25.9,35.2,449.9,127.1,,
138,포항,2021-09,22.9,29.9,196.5,56.8,,
138,포항,2021-10,17.6,31.2,176.7,53.9,,
138,포항,2021-11,11.4,21.5,31.4,20.2,,
138,포항,2021-12,4.7,16.3,.3,.3,,
140,군산,2020-01,3.2,15.9,70.6,52.1,,
140,군산,2020-02,3.6,17.7,60.5,23.6,,
140,군산,2020-03,7.5,21,16.8,7.3,,
140,군산,2020-04,10.3,25.4,20.3,13.2,,
140,군산,2020-05,17.4,28,98.7,31,,
140,군산,2020-06,22.4,33.9,196.6,61.8,,
140,군산,2020-07,23,31,446.2,124,,
140,군산,2020-08,26.9,34.7,520.6,153.8,,
140,군산,2020-09,21,31.2,171,62.9,,
140,군산,2020-10,14.5,24.7,4.1,3.1,,
140,군산,2020-11,9.3,22.6,47.6,23.8,,
140,군산,2020-12,1.6,12.4,11.8,3.5,,
140,군산,2021-01,0,13.6,28.8,8.6,,
140,군산,2021-02,3.8,19.9,13.8,3.6,,
140,군산,2021-03,8.3,22.8,91.9,48.1,,
140,군산,2021-04,13.3,27.5,43.9,22.6,,
140,군산,2021-05,16.6,29.1,137,38.8,,
140,군산,2021-06,22.1,31.6,98.8,28,,
140,군산,2021-07,26.6,34.4,251.3,67.7,,
140,군산,2021-08,25.5,33.8,218.3,45.5,,
140,군산,2021-09,22.3,29.1,138.8,48.3,,
140,군산,2021-10,16,31,32.7,8.8,,
140,군산,2021-11,9.6,23,81.9,22.8,,
140,군산,2021-12,3.1,14.1,14.5,3.2,,
143,대구,2020-01,3.8,15.7,70.4,27,,
143,대구,2020-02,4.9,18.5,40.2,29,,
143,대구,2020-03,9.5,25.4,24.5,10,,
143,대구,2020-04,12.6,28,32.4,19,,
143,대구,2020-05,19.4,31.3,38.1,16.5,,
143,대구,2020-06,24.5,37,185.3,51,,
143,대구,2020-07,23.2,32.8,330.5,63.1,,
143,대구,2020-08,28.6,36.3,322.7,168.2,,
143,대구,2020-09,21.2,30.8,161,44.8,,
143,대구,2020-10,15.4,27.3,13.1,12,,
143,대구,2020-11,9.7,25.3,23.9,19,,
143,대구,2020-12,1.6,12.6,2.8,1.3,,
143,대구,2021-01,.5,16.1,11.9,10.3,.7,.7
143,대구,2021-02,4.8,24.4,19.2,9.5,,
143,대구,2021-03,10.2,23.9,95.2,35.5,1.7,1.7
143,대구,2021-04,14.5,29.5,43,19.3,,
143,대구,2021-05,18.3,30.8,90.9,24.7,,
143,대구,2021-06,23.2,33.9,55.1,17.5,,
143,대구,2021-07,26.9,37.2,153.3,39.7,,
143,대구,2021-08,25.7,37,256.3,69,,
143,대구,2021-09,22.1,30.9,84.1,40.7,,
143,대구,2021-10,16.5,31.8,57.8,23.1,,
143,대구,2021-11,9.5,20.8,43.1,26.8,,
143,대구,2021-12,3.1,14.9,.1,.1,,
146,전주,2020-01,3.5,16.4,76.8,50.2,,
146,전주,2020-02,4.2,18.7,65.9,32.4,10.4,7.5
146,전주,2020-03,8.4,23.7,25.4,13.7,,
146,전주,2020-04,10.9,27.1,23,15.5,,
146,전주,2020-05,18.6,29.2,79,21.8,,
146,전주,2020-06,23.4,35.1,187.5,90.6,,
146,전주,2020-07,23.5,31.7,644.7,114.6,,
146,전주,2020-08,27.7,34.6,471.5,192.8,,
146,전주,2020-09,21.3,31.8,135.2,49.9,,
146,전주,2020-10,14.9,26.1,4.2,1.9,,
146,전주,2020-11,9.6,24.1,58.5,35.2,,
146,전주,2020-12,1.7,13.9,9.1,3.2,5.2,3.2
146,전주,2021-01,.5,14.4,28.7,8.3,11.9,7
146,전주,2021-02,4.3,22.9,13.7,4.3,1.8,1.8
146,전주,2021-03,9.5,23.7,95.7,42.5,,
146,전주,2021-04,14.4,28.6,34.9,15,,
146,전주,2021-05,17.7,30.8,182.2,62.7,,
146,전주,2021-06,23,33.6,145.3,44,,
146,전주,2021-07,27.2,36.3,255.1,88.7,,
146,전주,2021-08,25.9,34.6,454.8,70.6,,
146,전주,2021-09,22.9,30.2,162.1,41.2,,
146,전주,2021-10,16.4,31.5,37,9.1,,
146,전주,2021-11,9.7,23.8,81.1,26,,
146,전주,2021-12,3.3,14.3,6,2.3,2.4,2.4
152,울산,2020-01,5.2,18.4,178.7,113.6,,
152,울산,2020-02,6,19,53.6,29.9,,
152,울산,2020-03,9.6,23.6,41.6,19.3,,
152,울산,2020-04,12.3,25.5,73.2,26.4,,
152,울산,2020-05,18.1,28.7,51.5,24.2,,
152,울산,2020-06,22.7,31,218.6,65.8,,
152,울산,2020-07,22.1,32,498.3,113.7,,
152,울산,2020-08,27.6,35.5,137.1,37.4,,
152,울산,2020-09,21.1,30.2,243,118.4,,
152,울산,2020-10,15.9,26.1,18.9,11.1,,
152,울산,2020-11,11,23.1,37.7,30.5,,
152,울산,2020-12,3.4,15.6,5.7,4.3,,
152,울산,2021-01,2.1,16.3,20.6,11.1,0,0
152,울산,2021-02,6.5,23.9,28.8,12.1,,
152,울산,2021-03,10.5,21.9,138.9,60.3,,
152,울산,2021-04,13.8,25.7,73.9,32.5,,
152,울산,2021-05,17.8,30.5,120.4,31.2,,
152,울산,2021-06,21.7,29.8,93.8,30.3,,
152,울산,2021-07,25.9,34.2,189.3,60.4,,
152,울산,2021-08,25.3,33.7,443.9,122.4,,
152,울산,2021-09,22.1,29.3,125.2,36.2,,
152,울산,2021-10,17.1,30.5,49,25.7,,
152,울산,2021-11,11.1,21,49.7,25.3,,
152,울산,2021-12,4.7,16.6,3.5,3.5,,
155,창원,2020-01,4.6,18,112.6,44.9,,
155,창원,2020-02,5.4,18,64.2,32.2,,
155,창원,2020-03,9.3,20.9,37.9,13,,
155,창원,2020-04,11.9,24.5,59.1,30,,
155,창원,2020-05,17.9,28.7,78.8,50.3,,
155,창원,2020-06,22.8,32.9,278.9,98.9,,
155,창원,2020-07,22.4,31.1,524.1,96.7,,
155,창원,2020-08,27.5,35.8,193.1,46.4,,
155,창원,2020-09,21.5,30.7,241.7,118.6,,
155,창원,2020-10,16,26.3,20.5,12.9,,
155,창원,2020-11,10.7,22.3,55.6,49.7,,
155,창원,2020-12,2.6,12.7,6.3,4.1,,
155,창원,2021-01,1.4,17.2,14.3,12.2,,
155,창원,2021-02,5.5,21.6,36.9,20.2,,
155,창원,2021-03,10.4,22.5,177.1,67.5,,
155,창원,2021-04,14.1,25.9,86.5,38.7,,
155,창원,2021-05,17.7,28.9,147.9,63.9,,
155,창원,2021-06,21.8,31,140.6,59.2,,
155,창원,2021-07,26.5,33.6,521.2,152.7,,
155,창원,2021-08,26.2,35.5,413,168.2,,
155,창원,2021-09,22.5,30.5,92.2,28.1,,
155,창원,2021-10,17.4,30,25,15.6,,
155,창원,2021-11,10.8,21.9,53.5,30.7,,
155,창원,2021-12,4.2,15.5,2.4,2.4,,
156,광주,2020-01,4.6,17.7,74.9,32,,
156,광주,2020-02,5.3,19.8,47.8,10.9,12.5,10.9
156,광주,2020-03,9,23.3,43.5,17.7,,
156,광주,2020-04,11.5,25.6,55.3,27.3,,
156,광주,2020-05,18.8,30.1,96.8,25.4,,
156,광주,2020-06,23.6,33.7,199.9,50.3,,
156,광주,2020-07,23.4,31.6,533.3,121.2,,
156,광주,2020-08,27.6,34.4,738.1,259.5,,
156,광주,2020-09,21.3,31.1,178.3,49.4,,
156,광주,2020-10,15.7,26.2,12.1,10.7,,
156,광주,2020-11,10.5,23.6,28.3,21.1,,
156,광주,2020-12,2.7,13.8,18.7,7.9,18.5,16.9
156,광주,2021-01,1.4,15.5,33,8.7,11.8,8.5
156,광주,2021-02,5.1,22.6,31.1,14.8,8.1,5.9
156,광주,2021-03,10.6,25,122.4,39.7,,
156,광주,2021-04,14.9,27.2,34.2,16.9,,
156,광주,2021-05,18.4,30.4,139.4,59.6,,
156,광주,2021-06,23.3,32.8,118.1,27.4,,
156,광주,2021-07,27,35.1,227.6,119.5,,
156,광주,2021-08,25.8,34.5,338.7,59.4,,
156,광주,2021-09,22.9,32.4,131.1,45.7,,
156,광주,2021-10,17.2,30.7,35.3,12.3,,
156,광주,2021-11,10.2,23.8,85.8,23.2,,
156,광주,2021-12,4.1,15.4,7.1,3.5,8.6,8.6
159,부산,2020-01,6.4,17.7,127.7,73.3,,
159,부산,2020-02,7.1,18.1,94.9,49.8,,
159,부산,2020-03,10.4,18.2,58.8,24.6,,
159,부산,2020-04,12.6,24.4,83.5,33.2,,
159,부산,2020-05,17.9,26,96.2,50.8,,
159,부산,2020-06,22.4,30.7,321.1,99.2,,
159,부산,2020-07,22.1,30.6,796.8,208.7,,
159,부산,2020-08,27.2,33.2,399.2,163.1,,
159,부산,2020-09,21.9,30.6,230.5,113.6,,
159,부산,2020-10,17.3,25.9,26.4,15.8,,
159,부산,2020-11,12.4,23.3,36.3,31.8,,
159,부산,2020-12,4.3,15,10.2,6.6,,
159,부산,2021-01,3.3,15.7,25.8,17.4,,
159,부산,2021-02,7.2,19.3,49.5,22.9,,
159,부산,2021-03,11.4,21.6,127.5,37.8,,
159,부산,2021-04,14.7,26.5,107.1,39.5,,
159,부산,2021-05,17.7,26.5,139.2,45.1,,
159,부산,2021-06,21.9,30.9,232.3,82.6,,
159,부산,2021-07,26.3,32.4,399.9,137.5,,
159,부산,2021-08,26.2,35.6,481.2,146.2,,
159,부산,2021-09,22.9,28.8,164.7,50.1,,
159,부산,2021-10,18.7,28.4,18.2,8.5,,
159,부산,2021-11,12.5,22.3,57.9,28.9,,
159,부산,2021-12,6,17.8,4.5,4.4,,
162,통영,2020-01,5.8,18.4,124.6,56.7,,
162,통영,2020-02,6.8,18,75,46,,
162,통영,2020-03,10.2,19.8,61.8,33.2,,
162,통영,2020-04,12.4,21.2,72.2,31.1,,
162,통영,2020-05,17.8,26.2,119.5,60,,
162,통영,2020-06,22,29.6,371.3,100.1,,
162,통영,2020-07,22.5,30,607.8,147.4,,
162,통영,2020-08,27.1,35,273.4,109.7,,
162,통영,2020-09,22.1,30.1,338.2,139.1,,
162,통영,2020-10,17,26.1,28,16.4,,
162,통영,2020-11,12,22.9,54.4,48.6,,
162,통영,2020-12,4,14.1,11.5,5.6,,
162,통영,2021-01,3.2,15,19.3,13.9,,
162,통영,2021-02,6.7,19.1,70.3,37.8,,
162,통영,2021-03,10.9,20.9,157.8,47,,
162,통영,2021-04,14.6,25.7,103.1,49.7,,
162,통영,2021-05,17.9,27,163.1,40.5,,
162,통영,2021-06,21.8,29.5,182.3,92.4,,
162,통영,2021-07,26.5,33.2,404.5,133,,
162,통영,2021-08,26.7,36.2,477,183.5,,
162,통영,2021-09,23,30.6,145.5,41.7,,
162,통영,2021-10,18.3,29.4,5.9,5.5,,
162,통영,2021-11,12,22.4,67.1,41.7,,
162,통영,2021-12,5.8,16.9,4.2,3.8,,
165,목포,2020-01,3.6,16.2,72,29.9,,
165,목포,2020-02,4.2,15.7,28.9,6.6,3.1,2.2
165,목포,2020-03,7.4,19.3,28.8,11.1,,
165,목포,2020-04,10.3,22.1,60.9,30,,
165,목포,2020-05,17.2,25.1,141.4,54.3,,
165,목포,2020-06,22.2,31.1,261.5,65.2,,
165,목포,2020-07,23,29.9,366.3,116.3,,
165,목포,2020-08,27.7,33.3,206.4,90.9,,
165,목포,2020-09,21.9,31.2,208.6,87.4,,
165,목포,2020-10,15.9,25,20.5,15.6,,
165,목포,2020-11,11.2,22.7,14,7.2,,
165,목포,2020-12,3.2,12.1,18.4,11.3,5,5
165,목포,2021-01,2,15.2,39.7,13.2,12.1,7.2
165,목포,2021-02,4.9,20.1,25.9,13.3,2.2,1.4
165,목포,2021-03,9.2,22,127.4,41.7,,
165,목포,2021-04,13.9,24.9,51.9,32,,
165,목포,2021-05,17.6,27.7,112.3,33.5,,
165,목포,2021-06,22.7,30.2,108.3,45.1,,
165,목포,2021-07,26.8,33.6,327.5,154.5,,
165,목포,2021-08,26.4,32.6,124.4,33.6,,
165,목포,2021-09,23.4,29.3,91.4,43.7,,
165,목포,2021-10,17.7,29.8,14.7,4.3,,
165,목포,2021-11,11.3,22.5,63.9,25.6,,
165,목포,2021-12,4.8,14.7,13.6,6.7,15.6,14.8
168,여수,2020-01,5.8,17.4,81.3,28.6,,
168,여수,2020-02,6.4,16.1,61.3,36.5,.2,.2
168,여수,2020-03,9.9,19.4,52.3,31,,
168,여수,2020-04,12.5,21.2,80.5,37.3,,
168,여수,2020-05,18,26.5,139.4,64.7,,
168,여수,2020-06,22.4,30.1,367,80.5,,
168,여수,2020-07,22.6,29.5,552,116.7,,
168,여수,2020-08,27.1,32.6,180.1,68.1,,
168,여수,2020-09,22.2,28.8,181.2,86.3,,
168,여수,2020-10,17.3,25.9,27.6,26,,
168,여수,2020-11,12.1,22.5,15.4,12,,
168,여수,2020-12,4.3,12.9,13.8,7,,
168,여수,2021-01,2.9,14.4,17.3,10.1,.1,.1
168,여수,2021-02,6.2,19.5,36.7,17.8,.3,.3
168,여수,2021-03,11,20.7,106,29.8,,
168,여수,2021-04,14.7,23.6,95.3,50,,
168,여수,2021-05,18.1,25.4,134.9,33.6,,
168,여수,2021-06,22.3,29.1,130.2,55,,
168,여수,2021-07,26.5,31.2,445.3,234.4,,
168,여수,2021-08,26.8,34.1,369.7,114.1,,
168,여수,2021-09,23.2,28.2,144.7,70.8,,
168,여수,2021-10,18.6,28.9,45.4,26,,
168,여수,2021-11,12.1,23.6,43,26.1,,
168,여수,2021-12,5.7,16,2.7,2.4,,
169,흑산도,2020-01,6,15.8,52.2,24.2,,
169,흑산도,2020-02,6.3,15.4,34,8,3.2,2.5
169,흑산도,2020-03,8.1,17.7,15.8,7.3,,
169,흑산도,2020-04,10.3,21.5,52.2,20.6,,
169,흑산도,2020-05,14.9,21.7,203.6,57,,
169,흑산도,2020-06,19.3,27.1,305.2,71,,
169,흑산도,2020-07,20.9,25.8,205,57.3,,
169,흑산도,2020-08,25.4,33.1,179.7,61.2,,
169,흑산도,2020-09,21.8,30.3,71.9,23.7,,
169,흑산도,2020-10,17.1,26.7,11.3,5.8,,
169,흑산도,2020-11,12.7,22.6,23.3,9.5,,
169,흑산도,2020-12,6.4,13.2,33,12.2,10.9,8.3
169,흑산도,2021-01,4.5,16.3,54.2,24.3,18.7,15.6
169,흑산도,2021-02,6.4,22,16.1,12.3,.7,.7
169,흑산도,2021-03,9,18.8,94.1,35.8,,
169,흑산도,2021-04,12.8,21.8,63.4,36.2,,
169,흑산도,2021-05,16.5,24.5,97.3,45.1,,
169,흑산도,2021-06,20.9,27.9,68.1,34.3,,
169,흑산도,2021-07,25.7,32.8,176,109,,
169,흑산도,2021-08,26,32.8,166.8,51.1,,
169,흑산도,2021-09,23.2,28.7,101.1,24.5,,
169,흑산도,2021-10,18.1,28,26.3,5.9,,
169,흑산도,2021-11,12.7,20.5,42.1,28.5,,
169,흑산도,2021-12,7.3,14.6,14,2.5,8.2,6.8
170,완도,2020-01,5.9,19.5,95.4,31.3,,
170,완도,2020-02,6.3,18.1,49,24.9,,
170,완도,2020-03,9.5,21.6,55.9,32.4,,
170,완도,2020-04,11.9,22.1,87.1,32.6,,
170,완도,2020-05,17.8,26.3,258.6,111.2,,
170,완도,2020-06,22.1,31,343.3,110.6,,
170,완도,2020-07,22.8,31,282.1,72.7,,
170,완도,2020-08,27.5,34,100.4,49.6,,
170,완도,2020-09,21.9,29.4,266.3,86.2,,
170,완도,2020-10,16.7,26.3,20.1,20,,
170,완도,2020-11,12,23.9,3.4,1.4,,
170,완도,2020-12,4.4,14.1,19.1,12.8,,
170,완도,2021-01,3.3,16.9,39.7,12.4,,
170,완도,2021-02,6.5,20,46.5,21.7,,
170,완도,2021-03,10.7,21.2,179.7,56.5,,
170,완도,2021-04,14.4,24.9,86.8,53.9,,
170,완도,2021-05,17.9,26.7,139.9,68,,
170,완도,2021-06,22.3,30.7,143,50.8,,
170,완도,2021-07,26.1,31.6,425.1,141.8,,
170,완도,2021-08,26.3,34.1,368.9,200.3,,
170,완도,2021-09,23.2,30,115.1,34.8,,
170,완도,2021-10,18.2,29.4,6.2,2.7,,
170,완도,2021-11,12,21.7,53,27.6,,
170,완도,2021-12,5.9,16.8,3.3,1.8,,
172,고창,2020-01,3.3,18.1,58,31.6,,
172,고창,2020-02,4,17.2,41.6,11.3,,
172,고창,2020-03,7.4,22.2,42.9,25.2,,
172,고창,2020-04,9.8,25.6,33.9,23.8,,
172,고창,2020-05,17.6,27.5,100.3,41,,
172,고창,2020-06,22.4,33,136.4,31.6,,
172,고창,2020-07,23,30.3,454.2,126,,
172,고창,2020-08,27.4,34,362.3,179.3,,
172,고창,2020-09,20.7,31.6,227.9,66.8,,
172,고창,2020-10,14,25.6,10.2,4,,
172,고창,2020-11,9,24.2,58.3,43.6,,
172,고창,2020-12,1.1,13.9,28.7,7.9,,
172,고창,2021-01,0,14.4,46.2,10.3,,
172,고창,2021-02,3.8,21.6,33,16,,
172,고창,2021-03,8.3,23.5,86,33.3,,
172,고창,2021-04,13.2,27.4,29.3,18.2,,
172,고창,2021-05,17.1,29.5,93.5,33.9,,
172,고창,2021-06,22.7,32.4,143.2,64.1,,
172,고창,2021-07,26.8,35,185.5,74.6,,
172,고창,2021-08,25.7,34,345.7,66.5,,
172,고창,2021-09,22.4,30.9,139.9,59.7,,
172,고창,2021-10,15.8,30.9,43.9,10.3,,
172,고창,2021-11,9.2,23.2,86.4,31.8,,
172,고창,2021-12,2.8,14.9,23.2,6.1,,
174,순천,2020-01,3.5,16.7,100.1,34.3,,
174,순천,2020-02,3.9,19.6,35.9,17.8,,
174,순천,2020-03,7.3,22.7,50.7,30.6,,
174,순천,2020-04,10.2,24.2,73.4,34.7,,
174,순천,2020-05,17.1,27.1,112.3,43.3,,
174,순천,2020-06,22,32,246.7,59.8,,
174,순천,2020-07,22.3,31.9,453.1,111.8,,
174,순천,2020-08,26.7,35.6,544.1,169.4,,
174,순천,2020-09,19.7,30.6,239.3,71.5,,
174,순천,2020-10,13.7,26.3,17.9,17.1,,
174,순천,2020-11,8.9,22.5,22.4,14.6,,
174,순천,2020-12,1.1,13.9,10.2,7.6,,
174,순천,2021-01,0,16.1,27.8,10.3,,
174,순천,2021-02,3.9,23.7,37,19.6,,
174,순천,2021-03,9.3,22.2,161.1,56,,
174,순천,2021-04,13.2,25.6,62.6,25.7,,
174,순천,2021-05,16.7,28.5,92.1,27.1,,
174,순천,2021-06,21.7,30.5,76,35.8,,
174,순천,2021-07,25.4,33.5,337.7,163.6,,
174,순천,2021-08,25.1,34.9,282.1,80.7,,
174,순천,2021-09,21.4,30,154.3,58.5,,
174,순천,2021-10,15.2,29.4,35.6,20.6,,
174,순천,2021-11,7.9,21,50.9,20.6,,
174,순천,2021-12,2.3,15.7,3.7,2.1,,
177,홍성,2020-01,1.6,15.6,73,56.7,,
177,홍성,2020-02,2.6,15.1,85.2,50.3,5.6,3.4
177,홍성,2020-03,6.9,20.2,26.6,12.5,,
177,홍성,2020-04,10.3,24,13.8,12.2,,
177,홍성,2020-05,17.4,27.8,91.3,23.7,,
177,홍성,2020-06,22.4,32.9,191.7,80.7,,
177,홍성,2020-07,23.2,32.5,353.6,96.7,,
177,홍성,2020-08,26.8,34.7,456.4,89.6,,
177,홍성,2020-09,20.7,29.6,251.2,101,,
177,홍성,2020-10,13.2,23.5,19.5,18.4,,
177,홍성,2020-11,8.1,22.3,41.7,23.4,,
177,홍성,2020-12,.3,12.1,5.7,3.7,3.3,2.8
177,홍성,2021-01,-1.9,14.2,28.6,13.7,10.1,5.8
177,홍성,2021-02,3.1,18.1,12.5,6.3,5.1,5.1
177,홍성,2021-03,7.9,22.1,100.5,61.4,,
177,홍성,2021-04,13.1,28,72.9,38.3,,
177,홍성,2021-05,16.6,29.2,141.7,39.3,,
177,홍성,2021-06,22.2,32.1,67.5,25.3,,
177,홍성,2021-07,26.5,34.8,114.5,71.1,,
177,홍성,2021-08,25,34.3,280.8,85.7,,
177,홍성,2021-09,21.7,29.6,260.2,147.4,,
177,홍성,2021-10,15.2,29.9,41.6,14.5,,
177,홍성,2021-11,8.2,21.6,105.6,37.8,.4,.4
177,홍성,2021-12,1.4,13.3,16.4,2.7,5,5
184,제주,2020-01,8.9,23.6,116.7,60.3,,
184,제주,2020-02,9.1,21.8,29.8,14.2,,
184,제주,2020-03,11.5,23.2,81.6,25.3,,
184,제주,2020-04,13.2,24.8,82.3,25.4,,
184,제주,2020-05,18.8,29.5,20.6,5.3,,
184,제주,2020-06,22.4,30.9,221.5,49.3,,
184,제주,2020-07,24.2,34.3,184.7,71.5,,
184,제주,2020-08,29.4,36.3,140.4,114.3,,
184,제주,2020-09,22.9,30.7,400.5,183.6,,
184,제주,2020-10,18.4,25.5,53.7,46.4,,
184,제주,2020-11,14.1,26.7,28.2,12.2,,
184,제주,2020-12,7.7,15,29.5,14.4,2.1,2
184,제주,2021-01,6.8,18.2,116.6,57.8,9.2,6.5
184,제주,2021-02,9.4,23.7,52.8,22.4,1.8,1.6
184,제주,2021-03,12.5,21.9,81.1,26.9,,
184,제주,2021-04,15.4,25.9,58.8,16.9,,
184,제주,2021-05,19,30.9,100.7,24.4,,
184,제주,2021-06,23.4,31.5,122.4,86.8,,
184,제주,2021-07,27.8,34.2,247.1,155.3,,
184,제주,2021-08,27.3,33.8,227.8,57.7,,
184,제주,2021-09,24.9,33.3,493.1,155,,
184,제주,2021-10,20.1,31.8,32.1,16.4,,
184,제주,2021-11,14,23.2,63.8,34.5,,
184,제주,2021-12,8.9,17.4,31.4,21.5,4.4,4.4
185,고산,2020-01,8.5,18.3,76.1,37,,
185,고산,2020-02,8.9,20.1,41.6,14.9,,
185,고산,2020-03,10.7,19.4,61.2,26.8,,
185,고산,2020-04,12.3,20.9,32.5,12.7,,
185,고산,2020-05,17.4,25.6,90.3,41.8,,
185,고산,2020-06,21.5,29,290.5,100,,
185,고산,2020-07,23.1,29.5,247.8,92.4,,
185,고산,2020-08,27.7,32.9,181.2,67.4,,
185,고산,2020-09,22.5,32.5,132.8,37.2,,
185,고산,2020-10,18,25.8,34.7,30.9,,
185,고산,2020-11,14.1,24.4,19.4,5.9,,
185,고산,2020-12,7.8,16,20.8,14,,
185,고산,2021-01,6.9,17.9,72,24.2,,
185,고산,2021-02,9,19.8,41.9,23.2,,
185,고산,2021-03,12,21,111.8,31.8,,
185,고산,2021-04,14.9,24.6,101.2,51.7,,
185,고산,2021-05,17.9,26.7,132.2,45.4,,
185,고산,2021-06,22.5,29.6,174.5,100.3,,
185,고산,2021-07,26.6,34.2,122.7,37,,
185,고산,2021-08,26.5,33.4,196.7,63.4,,
185,고산,2021-09,24.2,30.1,348,89.5,,
185,고산,2021-10,19.9,28.9,19.8,10.7,,
185,고산,2021-11,14.1,22.7,48.8,21.4,,
185,고산,2021-12,9.2,18,18.3,13.7,,
188,성산,2020-01,8.1,20.9,94.4,39.7,,
188,성산,2020-02,8.4,18.3,98.7,31.2,,
188,성산,2020-03,10.8,21.1,110.7,43,,
188,성산,2020-04,12.6,23.1,87,27.1,,
188,성산,2020-05,18.2,26.2,246.4,98.3,,
188,성산,2020-06,21.8,30.1,326.6,66.8,,
188,성산,2020-07,23.5,31.1,378.1,82.3,,
188,성산,2020-08,27.9,33.8,204.7,68.8,,
188,성산,2020-09,22.4,30.2,469.3,262.9,,
188,성산,2020-10,17.7,25.5,34.4,20.8,,
188,성산,2020-11,13.5,24,14.9,6.7,,
188,성산,2020-12,6.7,16.3,51,34.4,,
188,성산,2021-01,5.9,17.8,93.7,22.1,,
188,성산,2021-02,8.7,22.3,72.7,26.5,,
188,성산,2021-03,12.3,19.9,214.1,73.8,,
188,성산,2021-04,15.1,23.8,94.7,53,,
188,성산,2021-05,18.4,27.6,154.1,55.4,,
188,성산,2021-06,22.3,31.3,190.6,110.4,,
188,성산,2021-07,26.7,31.1,218.4,60.7,,
188,성산,2021-08,26.5,32.2,417.8,92.6,,
188,성산,2021-09,24.5,31.3,431.7,102.9,,
188,성산,2021-10,19.6,29.6,101.2,92.8,,
188,성산,2021-11,12.9,22.3,67,33.6,,
188,성산,2021-12,7.8,18.5,30.3,19.5,,
189,서귀포,2020-01,9.4,18.4,110.1,32.6,,
189,서귀포,2020-02,9.7,18.6,95.5,60.1,1.8,1.6
189,서귀포,2020-03,12.3,21.1,132.2,80.4,,
189,서귀포,2020-04,13.9,21,81.8,32.6,,
189,서귀포,2020-05,18.7,26.9,244,108.4,,
189,서귀포,2020-06,22.4,28.1,406.1,123.2,,
189,서귀포,2020-07,23.4,29.2,322,70.8,,
189,서귀포,2020-08,27.4,31.3,159.2,67.4,,
189,서귀포,2020-09,22.1,29.7,424.9,235,,
189,서귀포,2020-10,18.5,24.7,39.2,25,,
189,서귀포,2020-11,15.1,23.5,11.7,3.8,,
189,서귀포,2020-12,8.3,15.8,62.9,53.2,4,3.5
189,서귀포,2021-01,7.2,17.1,54.6,21.6,4,2.5
189,서귀포,2021-02,10.1,23.6,51.2,25,1.7,.9
189,서귀포,2021-03,13.3,20.9,156.3,35.2,,
189,서귀포,2021-04,16,23.7,182,117.9,,
189,서귀포,2021-05,19,27.9,159.2,52.6,,
189,서귀포,2021-06,22.8,29,200.8,92.8,,
189,서귀포,2021-07,26.6,32,218.4,88.1,,
189,서귀포,2021-08,26.3,32.9,318.4,69.9,,
189,서귀포,2021-09,24.3,29.5,692.4,219.7,,
189,서귀포,2021-10,20.4,28.7,33.4,26.7,,
189,서귀포,2021-11,14.2,22.3,55,36.7,,
189,서귀포,2021-12,9.3,18.6,14.5,11.7,1,1
192,진주,2020-01,3,17.3,105.7,40.3,,
192,진주,2020-02,4.5,19.2,46.1,20.8,,
192,진주,2020-03,8.7,22.6,41.1,18.6,,
192,진주,2020-04,11.4,24.2,67.9,30,,
192,진주,2020-05,18.2,28.9,110.1,45.9,,
192,진주,2020-06,23,33.1,234.2,92.6,,
192,진주,2020-07,22.7,31.3,587.5,121.1,,
192,진주,2020-08,27.3,35.7,356.7,107.5,,
192,진주,2020-09,20.7,30.6,200,50.5,,
192,진주,2020-10,14.5,26.3,28.6,27.6,,
192,진주,2020-11,9.1,23.6,25.6,20.4,,
192,진주,2020-12,1.3,13.4,9.2,5.3,,
192,진주,2021-01,.6,15.6,15.8,10.3,,
192,진주,2021-02,4.8,23.3,24.9,16,,
192,진주,2021-03,9.8,23.8,159.2,68.4,,
192,진주,2021-04,13.6,27.2,82.2,35.6,,
192,진주,2021-05,17.6,29.3,116.9,50.5,,
192,진주,2021-06,22.2,32,101.7,33.1,,
192,진주,2021-07,26.2,34,359.3,142.7,,
192,진주,2021-08,26,37.5,320.2,102.3,,
192,진주,2021-09,21.9,30,122.4,51.4,,
192,진주,2021-10,15.9,29.4,46.2,19.8,,
192,진주,2021-11,8.4,21.6,44.3,29.5,,
192,진주,2021-12,2.5,16,1.9,1.9,,
201,강화,2020-01,.7,10.6,63.4,51,,
201,강화,2020-02,1.5,14.7,43.1,15,,
201,강화,2020-03,6.4,20.3,6.7,5,,
201,강화,2020-04,9.9,20.6,10.5,6,,
201,강화,2020-05,16.1,27,124.2,54.8,,
201,강화,2020-06,21.2,31.7,152.4,78.8,,
201,강화,2020-07,22.5,30.4,285.9,106.1,,
201,강화,2020-08,25.3,34.2,479.4,133.6,,
201,강화,2020-09,20.2,29.2,215.6,70.5,,
201,강화,2020-10,13.2,23,3.4,3.3,,
201,강화,2020-11,6.9,21.1,45.1,16.2,,
201,강화,2020-12,-1.2,10.2,7.2,3.9,,
201,강화,2021-01,-3.3,12.2,14.1,8.1,,
201,강화,2021-02,1.3,15,11.8,8.4,,
201,강화,2021-03,6.9,20.7,102.4,55.6,,
201,강화,2021-04,12.4,25.5,107.7,49.5,,
201,강화,2021-05,15.7,27.8,240.9,76,,
201,강화,2021-06,20.7,29.9,61.3,19,,
201,강화,2021-07,26.1,34.8,83.9,63.1,,
201,강화,2021-08,24.5,32.6,152.6,46.8,,
201,강화,2021-09,21.3,29,135.8,79.6,,
201,강화,2021-10,14.4,26.8,49.5,20.8,,
201,강화,2021-11,7.1,20.3,46.6,22.8,,
201,강화,2021-12,-.1,11.6,7,3.2,,
202,양평,2020-01,1.1,12.2,64.1,57.1,,
202,양평,2020-02,2.3,15.3,50.1,18.6,,
202,양평,2020-03,7.6,20.9,15.7,8.1,,
202,양평,2020-04,10.8,24.9,17.4,11.5,,
202,양평,2020-05,17.8,28.5,102.8,40.8,,
202,양평,2020-06,23.5,35,102.1,39.7,,
202,양평,2020-07,23.4,31.9,183.9,73.7,,
202,양평,2020-08,25.6,34.2,624.1,116.1,,
202,양평,2020-09,19.9,28.9,139.4,37.1,,
202,양평,2020-10,12.5,23.6,4.2,4.1,,
202,양평,2020-11,7,19.9,58,40.1,,
202,양평,2020-12,-1.4,10.3,4.6,3.5,,
202,양평,2021-01,-3.3,13.2,24.3,7.4,,
202,양평,2021-02,2.1,20.2,6.8,2.2,,
202,양평,2021-03,8.6,23,105.9,72.2,,
202,양평,2021-04,13.6,28,96.2,47.9,,
202,양평,2021-05,16.2,29.7,148.7,49.1,,
202,양평,2021-06,22,31.5,68.8,17.3,,
202,양평,2021-07,26.3,34.9,127.3,43.2,,
202,양평,2021-08,24.5,34.2,190.6,62,,
202,양평,2021-09,21.1,29.1,148.9,38.8,,
202,양평,2021-10,14.3,28.1,38.3,11.6,,
202,양평,2021-11,7,21.5,55.9,26.9,,
202,양평,2021-12,-.2,12.8,7.2,2.3,,
203,이천,2020-01,.9,12.1,72.6,64,,
203,이천,2020-02,2,15.4,59.5,24,,
203,이천,2020-03,7.4,21.7,20.4,8.7,,
203,이천,2020-04,10.8,25.5,28.3,13.5,,
203,이천,2020-05,17.8,29.4,115.3,44.7,,
203,이천,2020-06,23.5,34.7,98.1,32.2,,
203,이천,2020-07,23.2,32.3,414,86.3,,
203,이천,2020-08,26.1,34.8,616.7,143.2,,
203,이천,2020-09,19.9,30,191.9,49,,
203,이천,2020-10,12.5,25.1,7.1,7.1,,
203,이천,2020-11,6.8,20,39.6,30.2,,
203,이천,2020-12,-1.5,11.1,5.3,3.7,,
203,이천,2021-01,-3.4,13.9,15.6,5.8,,
203,이천,2021-02,2,20.8,10.6,3.2,,
203,이천,2021-03,8.4,23.3,102.3,71.1,,
203,이천,2021-04,13.5,28.5,94.3,46.6,,
203,이천,2021-05,16.3,29.6,164.8,33.2,,
203,이천,2021-06,22.3,31.9,51.7,15.7,,
203,이천,2021-07,26.6,36,134.7,58.9,,
203,이천,2021-08,24.7,35.1,168.5,43.4,,
203,이천,2021-09,21,29.8,222.1,83.9,,
203,이천,2021-10,14.1,28.6,40.9,14.3,,
203,이천,2021-11,6.7,21.3,64.9,27.6,,
203,이천,2021-12,-.3,12.6,6.2,2.2,,
211,인제,2020-01,-.1,12.2,83.3,51.5,,
211,인제,2020-02,.8,15.9,43.6,25,,
211,인제,2020-03,5.8,23.5,17.6,5.5,,
211,인제,2020-04,9,23.1,33.9,12.5,,
211,인제,2020-05,16.6,29.7,140.8,43,,
211,인제,2020-06,22.6,35.1,58.5,37.2,,
211,인제,2020-07,22.1,31.7,123.8,31.7,,
211,인제,2020-08,24.9,33.2,668.8,135,,
211,인제,2020-09,18.5,30.2,193.5,67.1,,
211,인제,2020-10,11,23.4,.7,.7,,
211,인제,2020-11,5.8,19.7,59.8,49.8,,
211,인제,2020-12,-2.6,10.5,4.8,3.2,,
211,인제,2021-01,-4.5,13.2,11,2.9,,
211,인제,2021-02,1,18.9,4.6,1.8,,
211,인제,2021-03,6.7,22.7,87.8,62.2,,
211,인제,2021-04,11.7,28.8,101.6,46,,
211,인제,2021-05,15,30,172,70.3,,
211,인제,2021-06,20.7,32.9,62.1,22.2,,
211,인제,2021-07,25.7,36.8,118.9,36.4,,
211,인제,2021-08,23.3,33.8,154.1,30.2,,
211,인제,2021-09,19.7,28.8,84,29.6,,
211,인제,2021-10,12.7,27.7,66.4,24.7,,
211,인제,2021-11,5.8,20.6,54.7,25.7,,
211,인제,2021-12,-1,10.6,5.8,2.1,,
212,홍천,2020-01,-.2,12.2,61.1,53.5,,
212,홍천,2020-02,1.2,16.8,45,21,,
212,홍천,2020-03,6.8,23.5,17,11.5,,
212,홍천,2020-04,10.1,24.8,14.2,10,,
212,홍천,2020-05,17.2,29.8,105,39.1,,
212,홍천,2020-06,23.2,35.7,90.1,36.4,,
212,홍천,2020-07,22.8,32.7,213.9,61.6,,
212,홍천,2020-08,25.5,35.5,744.8,136.8,,
212,홍천,2020-09,18.9,30.2,136.3,37.9,,
212,홍천,2020-10,11.2,23.6,1.7,1.6,,
212,홍천,2020-11,5.6,20.8,50.6,38.3,,
212,홍천,2020-12,-3.3,10.4,6.1,4.6,,
212,홍천,2021-01,-4.8,12.6,16,4.9,,
212,홍천,2021-02,1.1,20.1,4.3,1.8,,
212,홍천,2021-03,7.4,23.2,111.1,82.7,,
212,홍천,2021-04,12.4,28.6,100.1,47.8,,
212,홍천,2021-05,15.6,29.9,175,68,,
212,홍천,2021-06,21.4,32,67.2,17.1,,
212,홍천,2021-07,26.3,36.9,105.6,38.1,,
212,홍천,2021-08,24,34.1,152.9,56.4,,
212,홍천,2021-09,20.4,29.4,122.7,33.1,,
212,홍천,2021-10,13.1,28.5,41.2,11.2,,
212,홍천,2021-11,5.7,20.7,50.7,23.6,,
212,홍천,2021-12,-1.6,10.8,3.5,1.2,,
216,태백,2020-01,-1.3,12.2,79.4,30,,
216,태백,2020-02,-.6,13.8,36.1,23.6,,
216,태백,2020-03,4.2,21.5,24.8,15.6,,
216,태백,2020-04,6.7,23.3,46.4,23.3,,
216,태백,2020-05,14.8,27.5,102.4,31.7,,
216,태백,2020-06,20.6,34.9,85.5,49.7,,
216,태백,2020-07,18.9,29.1,329.3,79.9,,
216,태백,2020-08,23.3,32.8,293.5,60.7,,
216,태백,2020-09,15.8,27.3,494.4,158.5,,
216,태백,2020-10,9.8,21.1,1.5,1.4,,
216,태백,2020-11,5.6,18.7,33,31.5,,
216,태백,2020-12,-2.6,8.7,3.8,3.8,,
216,태백,2021-01,-4.4,8.8,5.6,1.5,,
216,태백,2021-02,.6,16.8,2,1.4,,
216,태백,2021-03,5.3,18.8,99.3,59.7,,
216,태백,2021-04,9.3,23.6,112,45.4,,
216,태백,2021-05,13.5,26.6,154.5,74.9,,
216,태백,2021-06,17.9,28.3,88.1,24.5,,
216,태백,2021-07,22.2,32.2,147,41.4,,
216,태백,2021-08,20.4,32.5,324,39.6,,
216,태백,2021-09,16.6,27.6,161.8,75.4,,
216,태백,2021-10,11,26.9,79.8,24.2,,
216,태백,2021-11,4.3,15.8,31.6,17.4,,
216,태백,2021-12,-2.2,11.7,1.7,1.7,,
217,정선군,2020-01,-.5,12.4,91,60.5,,
217,정선군,2020-02,.9,15.9,62.1,32,,
217,정선군,2020-03,6.1,23.5,24.1,10.5,,
217,정선군,2020-04,8.8,24.9,34.5,10.5,,
217,정선군,2020-05,16.5,29.1,107.5,32.5,,
217,정선군,2020-06,22.3,36,56.4,26,,
217,정선군,2020-07,21.8,32.2,225.7,51.5,,
217,정선군,2020-08,24.5,34.1,466.6,66,,
217,정선군,2020-09,18.1,28.7,182.7,43.5,,
217,정선군,2020-10,11.2,25.1,8,7.5,,
217,정선군,2020-11,5.9,21.2,38,29.5,,
217,정선군,2020-12,-3.1,9.9,8.8,8,,
217,정선군,2021-01,-4.3,11.8,14.5,3.8,,
217,정선군,2021-02,1.1,19.2,9.2,6.9,,
217,정선군,2021-03,7,22.8,115.8,81.8,,
217,정선군,2021-04,11.6,29.4,109.2,53.2,,
217,정선군,2021-05,14.9,30.4,161.9,80.7,,
217,정선군,2021-06,20.6,32.7,89,17,,
217,정선군,2021-07,25.2,35.2,157.1,42.4,,
217,정선군,2021-08,23.1,34.3,196.2,33.6,,
217,정선군,2021-09,19.5,30.5,177.1,66.6,,
217,정선군,2021-10,12.9,28,37,9.3,,
217,정선군,2021-11,5.6,19.9,40.8,19.1,,
217,정선군,2021-12,-.9,10.5,4.3,2.2,,
221,제천,2020-01,-.6,11.3,68.1,56.6,,
221,제천,2020-02,.8,14.9,57.4,20.9,,
221,제천,2020-03,6,22.5,14.4,8.3,,
221,제천,2020-04,9.1,24.6,28.9,14.1,,
221,제천,2020-05,16.7,28.5,130.1,47.9,,
221,제천,2020-06,22.3,33.9,78.6,18.8,,
221,제천,2020-07,22.2,31.2,317.5,105.6,,
221,제천,2020-08,24.8,33.4,685.8,259,,
221,제천,2020-09,18.1,28.3,134.1,39.7,,
221,제천,2020-10,10.6,23.5,12.4,12.2,,
221,제천,2020-11,5.4,20.5,13.4,6.8,,
221,제천,2020-12,-3.9,10,11.1,10.1,,
221,제천,2021-01,-4.6,12.3,18.2,6.1,,
221,제천,2021-02,.7,20.5,12.2,8.4,,
221,제천,2021-03,6.8,22,100.1,60.5,,
221,제천,2021-04,11.8,27.7,104,51.2,,
221,제천,2021-05,14.9,29.8,157.8,55.8,,
221,제천,2021-06,21,31.4,81.6,23.6,,
221,제천,2021-07,25.1,34,223.1,61.3,,
221,제천,2021-08,23.1,33.5,174.9,28,,
221,제천,2021-09,19.6,28.4,209.2,63.7,,
221,제천,2021-10,12.3,28.2,26.6,9.5,,
221,제천,2021-11,5.1,19.5,48,23.9,,
221,제천,2021-12,-1.6,11,6.5,3.8,,
226,보은,2020-01,1,12.1,71.8,47.3,,
226,보은,2020-02,1.8,14.8,80.8,45.6,,
226,보은,2020-03,6.4,22.2,23.6,10.8,,
226,보은,2020-04,9.5,25.5,35.9,19.8,,
226,보은,2020-05,17.3,29,89.1,33.1,,
226,보은,2020-06,22.5,33,171.2,52.8,,
226,보은,2020-07,22.3,30.2,500.8,131.5,,
226,보은,2020-08,25.4,33.5,587.8,93.1,,
226,보은,2020-09,18.7,28.6,162.2,53.8,,
226,보은,2020-10,11.3,23.9,3,1.8,,
226,보은,2020-11,6.5,21.6,37,22.3,,
226,보은,2020-12,-2,11.6,5.6,2.2,,
226,보은,2021-01,-3.1,12.8,19.8,5.6,,
226,보은,2021-02,1.8,21.9,14.1,7.1,,
226,보은,2021-03,7.7,23.2,93,52.5,,
226,보은,2021-04,12.7,28.8,52.5,19.2,,
226,보은,2021-05,15.7,29.8,154.5,50.7,,
226,보은,2021-06,21.3,31.3,76.8,26.5,,
226,보은,2021-07,25.4,34.2,163.9,48.6,,
226,보은,2021-08,23.8,33.9,275.8,52.4,,
226,보은,2021-09,20.2,29,162.2,52.8,,
226,보은,2021-10,13.1,29.5,33.8,12.8,,
226,보은,2021-11,6.3,19.9,44.9,17.9,,
226,보은,2021-12,-.1,12.8,6.4,2.1,,
232,천안,2020-01,1.3,13.7,59.7,44,,
232,천안,2020-02,1.9,16,63.1,35.5,,
232,천안,2020-03,6.8,22.2,21.7,12.9,,
232,천안,2020-04,10.2,25.7,15.1,12,,
232,천안,2020-05,17.4,29.1,86.4,37.5,,
232,천안,2020-06,22.6,32.9,121.9,45.7,,
232,천안,2020-07,22.8,30.6,356.4,71.3,,
232,천안,2020-08,26,34.1,481.7,182.9,,
232,천안,2020-09,19.6,30.3,167.2,56.6,,
232,천안,2020-10,12.2,24.2,18.9,18.1,,
232,천안,2020-11,7,20.6,45.9,28.8,,
232,천안,2020-12,-1.1,11.4,5.5,3.4,,
232,천안,2021-01,-2.8,13,17.8,7.9,,
232,천안,2021-02,2.1,22.2,9.2,5.6,,
232,천안,2021-03,8,23.2,75.3,55.8,,
232,천안,2021-04,13,28.7,54.7,35,,
232,천안,2021-05,15.9,29.7,135.9,27.7,,
232,천안,2021-06,21.8,32,44.8,18.7,,
232,천안,2021-07,26.2,34.6,117.6,43.4,,
232,천안,2021-08,24.3,33.8,230,68.4,,
232,천안,2021-09,20.9,28.9,250.8,117.1,,
232,천안,2021-10,14,28.7,49.5,13.4,,
232,천안,2021-11,6.9,21.1,67.9,26.5,,
232,천안,2021-12,.2,12.9,5.4,2,,
235,보령,2020-01,3,15.1,49.4,34.7,,
235,보령,2020-02,3.4,18.1,75.3,41.5,,
235,보령,2020-03,6.9,19,22.8,12.2,,
235,보령,2020-04,9.5,20.9,16.5,11.4,,
235,보령,2020-05,16.9,28.4,92.4,26.9,,
235,보령,2020-06,21.6,32.2,139.7,55.3,,
235,보령,2020-07,22.9,30.6,345.9,96.7,,
235,보령,2020-08,26.6,34.5,321.5,65.5,,
235,보령,2020-09,21,30.3,177.1,93,,
235,보령,2020-10,14.4,23.3,16.2,12.1,,
235,보령,2020-11,9.2,22.2,35.4,15.9,,
235,보령,2020-12,1.6,12,9.7,2,,
235,보령,2021-01,-.2,13.6,32,9,,
235,보령,2021-02,3.5,16.7,18.7,8.7,,
235,보령,2021-03,7.8,21.7,76.1,55.6,,
235,보령,2021-04,12.9,26,43.4,22.8,,
235,보령,2021-05,16.2,27.9,110,29.3,,
235,보령,2021-06,21.7,29.8,55,18.2,,
235,보령,2021-07,26.5,34.5,131.3,36.5,,
235,보령,2021-08,25.5,32.8,253.7,95,,
235,보령,2021-09,22.5,29.6,215.9,72.5,,
235,보령,2021-10,16.1,29.6,39.6,14.1,,
235,보령,2021-11,9.8,22.3,117.8,37.9,,
235,보령,2021-12,3.1,13.7,14.4,3.5,,
236,부여,2020-01,2.1,14.2,79.6,55.5,,
236,부여,2020-02,2.7,16.1,92.4,57.8,,
236,부여,2020-03,7.2,21.3,19.3,11.4,,
236,부여,2020-04,9.9,26,17.7,10.8,,
236,부여,2020-05,17.8,28.7,108.5,34.3,,
236,부여,2020-06,22.9,34.1,188.4,71.6,,
236,부여,2020-07,23.3,31.8,492.6,123.9,,
236,부여,2020-08,26.8,34.8,367.8,53.1,,
236,부여,2020-09,20.5,31.4,208.9,65.8,,
236,부여,2020-10,13.1,24.7,4.4,3.3,,
236,부여,2020-11,7.7,21.3,41.8,22.8,,
236,부여,2020-12,-.2,12.6,3.4,2.2,,
236,부여,2021-01,-1.9,15.3,32.1,9.1,,
236,부여,2021-02,2.9,20.6,18.1,7.5,,
236,부여,2021-03,8.5,24,95.7,54.4,,
236,부여,2021-04,13.5,28.8,42.3,20.5,,
236,부여,2021-05,16.6,31.4,136.9,39.1,,
236,부여,2021-06,22.3,33,76.9,18.7,,
236,부여,2021-07,26.6,34.8,187.7,55.3,,
236,부여,2021-08,25.2,34.9,227.6,48,,
236,부여,2021-09,21.8,29.8,187.1,47.4,,
236,부여,2021-10,14.7,30.3,36.9,14,,
236,부여,2021-11,7.7,22.1,73.4,31.1,,
236,부여,2021-12,1.2,13.8,8.7,2.6,,
238,금산,2020-01,1.5,16.4,80.8,44.5,,
238,금산,2020-02,2.5,17.4,83.9,51.6,,
238,금산,2020-03,7.3,23.9,20.5,10.1,,
238,금산,2020-04,10,26.7,35.6,18.5,,
238,금산,2020-05,17.8,29.9,80.5,21.1,,
238,금산,2020-06,22.9,34.4,234,95.4,,
238,금산,2020-07,22.7,31.1,628,158.3,,
238,금산,2020-08,26.6,34.2,373.4,69.7,,
238,금산,2020-09,19.7,30.6,167.2,58.3,,
238,금산,2020-10,12.4,25.5,4.1,1.5,,
238,금산,2020-11,7.1,22.2,41.9,23.6,,
238,금산,2020-12,-1,13,8.3,5.2,,
238,금산,2021-01,-2,14.4,23.5,6.1,,
238,금산,2021-02,2.9,22.1,19.3,8.6,,
238,금산,2021-03,8.4,23.6,88,35.7,,
238,금산,2021-04,13.3,29.3,39.3,17.5,,
238,금산,2021-05,16.5,29.9,162.7,51.4,,
238,금산,2021-06,22.1,32.7,105.6,28.8,,
238,금산,2021-07,26.1,35.1,300.8,85.4,,
238,금산,2021-08,24.4,34.2,297.2,94.3,,
238,금산,2021-09,21.1,30.2,151.9,42.5,,
238,금산,2021-10,13.8,31.1,44,11,,
238,금산,2021-11,7.1,21.2,50.7,25.2,,
238,금산,2021-12,.9,13.1,7.1,1.8,,
239,세종,2020-01,2.1,14.3,81.3,63.3,,
239,세종,2020-02,2.9,15.4,89.7,54.5,,
239,세종,2020-03,7.8,21.9,22.6,15,,
239,세종,2020-04,10.8,25.9,17.6,11.5,,
239,세종,2020-05,18.2,29.1,91.6,30.3,,
239,세종,2020-06,23.2,33.4,214.2,66.2,,
239,세종,2020-07,23.2,30.6,436.4,120.4,,
239,세종,2020-08,26.8,34.8,501.1,71.3,,
239,세종,2020-09,20.5,30.9,171.3,50,,
239,세종,2020-10,13.4,24.6,6.4,5.9,,
239,세종,2020-11,8,22,50.1,32.1,,
239,세종,2020-12,-.1,12.2,3.5,1.8,,
239,세종,2021-01,-1.7,13.4,22,6.8,,
239,세종,2021-02,3.2,22,14.4,7.5,,
239,세종,2021-03,8.8,23.3,99.8,63.3,,
239,세종,2021-04,13.9,29.8,56,27.3,,
239,세종,2021-05,16.8,30.5,141.9,38.5,,
239,세종,2021-06,22.6,32.2,67.8,25.5,,
239,세종,2021-07,26.9,34.8,180.7,60.3,,
239,세종,2021-08,25.1,34.5,232.1,61.9,,
239,세종,2021-09,21.8,29.4,184.6,63.6,,
239,세종,2021-10,15,29.8,36.4,13.4,,
239,세종,2021-11,8.2,20.9,60.9,28.6,,
239,세종,2021-12,1.2,12.8,8,1.8,,
243,부안,2020-01,3.3,17.2,79.1,52.3,,
243,부안,2020-02,3.9,17.8,59,22,,
243,부안,2020-03,7.6,23.3,22.1,9.6,,
243,부안,2020-04,10.3,26.1,22.2,16.3,,
243,부안,2020-05,17.6,28.1,111.9,30.2,,
243,부안,2020-06,22.4,32.8,157.6,48.6,,
243,부안,2020-07,23.1,31.3,509.8,125.6,,
243,부안,2020-08,27.2,34.5,421.6,143.1,,
243,부안,2020-09,21,31.6,224.3,92,,
243,부안,2020-10,14.5,25.2,6.8,4.9,,
243,부안,2020-11,9.4,23.5,49.4,24.8,,
243,부안,2020-12,1.8,13.2,31,19.3,,
243,부안,2021-01,0,13.6,32.6,9.2,,
243,부안,2021-02,4.1,21.5,23.3,8.7,,
243,부안,2021-03,8.4,22.6,100.4,37,,
243,부안,2021-04,13.2,27.7,46.4,25.4,,
243,부안,2021-05,17.1,29,81.7,21.9,,
243,부안,2021-06,22.3,31.7,97.1,29.8,,
243,부안,2021-07,26.7,35,224.6,83.2,,
243,부안,2021-08,25.4,33.3,409.7,87.9,,
243,부안,2021-09,22.4,30.7,166.6,63.1,,
243,부안,2021-10,16,30.7,50.3,10.3,,
243,부안,2021-11,9.6,23.1,100.3,25.6,,
243,부안,2021-12,3.2,14.8,21,6.1,,
244,임실,2020-01,1.7,15,73.9,32.6,,
244,임실,2020-02,2.4,18.2,59.6,16.7,,
244,임실,2020-03,6.4,23,45.3,16.1,,
244,임실,2020-04,8.9,24.9,40.5,22.1,,
244,임실,2020-05,17.1,28.2,77.7,18.6,,
244,임실,2020-06,21.9,32,173.9,39.2,,
244,임실,2020-07,22.1,29.6,514.6,111.6,,
244,임실,2020-08,25.7,32.7,631.4,195.5,,
244,임실,2020-09,19,30.6,158,40.8,,
244,임실,2020-10,12.3,24.1,7.6,5.1,,
244,임실,2020-11,7.3,21.2,71,54.3,,
244,임실,2020-12,-.5,12.3,16.3,4.9,,
244,임실,2021-01,-2,14.3,40.6,7.8,,
244,임실,2021-02,2.4,21.9,29.5,8.8,,
244,임실,2021-03,8.1,23.7,105.5,35,,
244,임실,2021-04,12.6,26.6,43.3,22,,
244,임실,2021-05,16,28.8,89.5,32.2,,
244,임실,2021-06,21.2,31.1,113.3,28.8,,
244,임실,2021-07,25,33.6,223.2,62.8,,
244,임실,2021-08,24,33,370.9,76.6,,
244,임실,2021-09,20.8,29.3,90.8,36.2,,
244,임실,2021-10,13.8,28.7,41.3,14.8,,
244,임실,2021-11,6.7,20.8,101.8,31.1,,
244,임실,2021-12,1,14.2,9.5,2.2,,
245,정읍,2020-01,2.7,17.7,73.3,35.7,,
245,정읍,2020-02,3.5,19.3,58.1,17.1,,
245,정읍,2020-03,7.4,24.3,39.1,20.8,,
245,정읍,2020-04,9.9,26,34.5,24.4,,
245,정읍,2020-05,17.7,27.8,86.1,30.1,,
245,정읍,2020-06,22.5,33.9,109.6,24.3,,
245,정읍,2020-07,22.9,30.8,465.8,116.1,,
245,정읍,2020-08,27.2,34,530.4,176.6,,
245,정읍,2020-09,20.4,30.9,211.4,52.2,,
245,정읍,2020-10,13.9,25.1,5.9,2.9,,
245,정읍,2020-11,8.9,23.7,69.8,47.5,,
245,정읍,2020-12,1.1,12.7,34.9,20.2,,
245,정읍,2021-01,-.4,13.6,42.6,8.8,,
245,정읍,2021-02,3.7,21.7,36.9,11.8,,
245,정읍,2021-03,8.5,22.4,94.2,35.4,,
245,정읍,2021-04,13.4,27.7,26.7,12.8,,
245,정읍,2021-05,17.1,29.1,96.4,49.1,,
245,정읍,2021-06,22.4,32.8,124.2,47.1,,
245,정읍,2021-07,26.4,34.8,260.3,88.5,,
245,정읍,2021-08,25.1,33.7,358.7,93.9,,
245,정읍,2021-09,22.1,30.1,156.8,47.4,,
245,정읍,2021-10,15.6,30.7,39.9,13.4,,
245,정읍,2021-11,9,22.6,94.8,28.6,,
245,정읍,2021-12,2.8,14.1,23.1,8.7,,
247,남원,2020-01,2.3,17.5,59.8,24.8,,
247,남원,2020-02,3.2,18.3,62.2,22.6,,
247,남원,2020-03,7.3,24.2,38.1,9.6,,
247,남원,2020-04,9.9,26.5,55.6,27.7,,
247,남원,2020-05,18.3,29.3,73.4,23.2,,
247,남원,2020-06,23.3,33.1,218.5,45.8,,
247,남원,2020-07,23.2,30.8,568.9,107.1,,
247,남원,2020-08,27.2,34.7,657,289.4,,
247,남원,2020-09,20.5,31.4,216.6,63.2,,
247,남원,2020-10,13.9,25.9,11.9,8.8,,
247,남원,2020-11,8.2,22.7,33.1,22.5,,
247,남원,2020-12,0,11.1,12.1,4.1,,
247,남원,2021-01,-.8,14.5,34.1,10.6,,
247,남원,2021-02,3.2,22.3,33.6,12.6,,
247,남원,2021-03,9.2,24.7,87.3,27.1,,
247,남원,2021-04,13.7,27.6,42.8,16.2,,
247,남원,2021-05,17.1,30.3,60.3,16.3,,
247,남원,2021-06,22.4,32.3,112.9,25.1,,
247,남원,2021-07,26.1,34.8,204.4,73.6,,
247,남원,2021-08,25.1,34.6,315.9,55.6,,
247,남원,2021-09,21.8,30,108.5,30.5,,
247,남원,2021-10,14.8,29.8,54.9,22.3,,
247,남원,2021-11,7.2,21.5,76.2,27.9,,
247,남원,2021-12,1.2,14.1,5.9,2.1,,
248,장수,2020-01,.6,15.4,108.6,49.8,,
248,장수,2020-02,1.7,17.3,65.3,31.6,,
248,장수,2020-03,6.1,20.9,43.2,14.3,,
248,장수,2020-04,8.2,23.8,45.7,27.1,,
248,장수,2020-05,16.5,27.6,81.4,26.7,,
248,장수,2020-06,21.5,31.6,210.2,72.2,,
248,장수,2020-07,21.6,29.6,584.6,124.1,,
248,장수,2020-08,25.3,33.2,623.4,237,,
248,장수,2020-09,17.8,29.3,268.2,83.1,,
248,장수,2020-10,11.1,23.9,8.5,6.2,,
248,장수,2020-11,6.2,21.5,73.4,63,,
248,장수,2020-12,-1.8,11.4,13.5,4.6,,
248,장수,2021-01,-2.8,13.3,36,7.3,,
248,장수,2021-02,1.8,19.7,38.1,21.3,,
248,장수,2021-03,7.2,22.7,109.3,33.7,,
248,장수,2021-04,11.6,26.1,50.8,24.2,,
248,장수,2021-05,15.2,28.1,117.9,49.8,,
248,장수,2021-06,20.6,30.9,150,27.4,,
248,장수,2021-07,24.2,33.1,203.6,67.4,,
248,장수,2021-08,23.2,32.8,380.7,107.7,,
248,장수,2021-09,19.8,29.2,111.8,36.1,,
248,장수,2021-10,12.6,29.5,49.8,15,,
248,장수,2021-11,5.6,19.5,92.2,35,,
248,장수,2021-12,.2,13.5,5,1.5,,
251,고창군,2020-01,2.9,17.3,59,27,,
251,고창군,2020-02,3.7,18.1,48,12.1,,
251,고창군,2020-03,7.5,23.9,45,18.3,,
251,고창군,2020-04,9.8,26.2,31.8,24.4,,
251,고창군,2020-05,17.7,27.5,90.4,31.6,,
251,고창군,2020-06,22.5,33.3,157.1,38.6,,
251,고창군,2020-07,23,30.6,455.5,100.4,,
251,고창군,2020-08,27.3,33.7,464.9,230.5,,
251,고창군,2020-09,20.7,31.2,237.4,54.9,,
251,고창군,2020-10,14.1,25.6,8.1,4.1,,
251,고창군,2020-11,9.1,24.2,63.4,42.3,,
251,고창군,2020-12,1.1,13.1,11.1,5.7,,
251,고창군,2021-01,0,13.6,12.3,4.8,,
251,고창군,2021-02,4,22.1,12.6,7.1,,
251,고창군,2021-03,8.6,23.4,71.8,22.2,,
251,고창군,2021-04,13.5,26.7,29,14.5,,
251,고창군,2021-05,17.2,29.2,101.3,41.6,,
251,고창군,2021-06,22.4,32.4,131.4,66.8,,
251,고창군,2021-07,26.6,35.2,209.9,53.1,,
251,고창군,2021-08,25.3,34.4,329.7,71.7,,
251,고창군,2021-09,22.3,30.4,161.7,59.1,,
251,고창군,2021-10,15.8,30.6,43.2,11.8,,
251,고창군,2021-11,8.9,22.8,63.5,20.6,,
251,고창군,2021-12,2.8,15.3,8.2,3.3,,
252,영광군,2020-01,3.3,17.2,62.9,29.6,,
252,영광군,2020-02,3.9,16.7,45.7,11,,
252,영광군,2020-03,7.2,21.9,47,27.1,,
252,영광군,2020-04,9.8,25,41.1,28.6,,
252,영광군,2020-05,17.3,27.2,125.7,52.1,,
252,영광군,2020-06,22.2,33.3,180.3,37.6,,
252,영광군,2020-07,22.9,30.3,531.4,191.6,,
252,영광군,2020-08,27.3,34.5,382.4,152.4,,
252,영광군,2020-09,20.8,31.2,266.7,95.4,,
252,영광군,2020-10,14.1,25.3,16.5,9.7,,
252,영광군,2020-11,9.4,24.3,71.9,55.7,,
252,영광군,2020-12,1.4,13,16.3,8.1,,
252,영광군,2021-01,.2,14.3,34.4,7.5,,
252,영광군,2021-02,3.7,20.8,29.4,17,,
252,영광군,2021-03,8.2,21.6,97,38.4,,
252,영광군,2021-04,13.1,27.1,38.8,26.2,,
252,영광군,2021-05,17,29.1,91.1,25.8,,
252,영광군,2021-06,22.3,32.1,153.4,60.3,,
252,영광군,2021-07,26.6,35.5,195.4,100.4,,
252,영광군,2021-08,25.4,33.8,275.2,47.2,,
252,영광군,2021-09,22.4,30.4,116.4,71,,
252,영광군,2021-10,15.9,31,50.7,12.8,,
252,영광군,2021-11,9.5,23.1,108.6,31.4,,
252,영광군,2021-12,3.2,14.7,12.2,2.5,,
253,김해시,2020-01,5.4,18.4,117.2,49.5,,
253,김해시,2020-02,6.1,19.7,65.7,31,,
253,김해시,2020-03,9.8,21,41.7,17,,
253,김해시,2020-04,12.2,25.4,57.4,24.6,,
253,김해시,2020-05,18.5,29.2,73.4,30.9,,
253,김해시,2020-06,23.3,33.7,239.1,87.7,,
253,김해시,2020-07,22.7,31.7,534.9,107.8,,
253,김해시,2020-08,27.7,35.8,200.1,80.7,,
253,김해시,2020-09,21.7,31.4,278.8,96.7,,
253,김해시,2020-10,16.2,28.1,26.6,15.5,,
253,김해시,2020-11,11,23.9,61.3,55.5,,
253,김해시,2020-12,2.7,13,6.3,3,,
253,김해시,2021-01,1.8,16.7,15.2,11.9,,
253,김해시,2021-02,6.1,22.3,36.5,19.6,,
253,김해시,2021-03,10.8,22.8,163.5,52.2,,
253,김해시,2021-04,14.6,27.4,84,31.9,,
253,김해시,2021-05,18,29.4,149.7,58,,
253,김해시,2021-06,22.2,31.4,120.5,48,,
253,김해시,2021-07,26.5,34.5,427.3,151.7,,
253,김해시,2021-08,26.2,37.5,360.3,132.5,,
253,김해시,2021-09,22.6,30.7,101.7,37.5,,
253,김해시,2021-10,17.6,31.4,24.3,14,,
253,김해시,2021-11,10.9,22.4,66.1,41.4,,
253,김해시,2021-12,4.3,17.7,3.5,3.5,,
254,순창군,2020-01,2.3,17.4,80.9,45.8,,
254,순창군,2020-02,3.2,18.2,62.9,23.7,,
254,순창군,2020-03,7.1,22.8,38.2,14.9,,
254,순창군,2020-04,9.6,24.9,55.2,29.4,,
254,순창군,2020-05,17.8,29.5,93.6,24.6,,
254,순창군,2020-06,23.1,33.4,180.3,40.1,,
254,순창군,2020-07,22.9,31.2,560.5,143.2,,
254,순창군,2020-08,27.2,34.8,822,361.3,,
254,순창군,2020-09,20.3,32.4,168.2,54.4,,
254,순창군,2020-10,13.8,25.8,9.4,7,,
254,순창군,2020-11,8.6,22.7,48,34.8,,
254,순창군,2020-12,.3,12.2,14.5,5.7,,
254,순창군,2021-01,-.9,15.1,43,8.8,,
254,순창군,2021-02,3.4,21.9,45.8,15,,
254,순창군,2021-03,9.3,24.1,115.6,42.9,,
254,순창군,2021-04,13.7,26.9,42.5,20.2,,
254,순창군,2021-05,17.2,30.1,137.4,63.6,,
254,순창군,2021-06,22.5,32.5,114.6,31.1,,
254,순창군,2021-07,26.6,34.9,231,65.7,,
254,순창군,2021-08,25.7,35.2,276.8,71.9,,
254,순창군,2021-09,22.1,31,103,34.7,,
254,순창군,2021-10,15,30.5,40.5,12.1,,
254,순창군,2021-11,7.4,22.6,69.6,29.3,,
254,순창군,2021-12,1.5,14.3,12.8,4.3,,
255,북창원,2020-01,3.8,16.4,98.9,41.5,,
255,북창원,2020-02,5.9,18.6,63.5,26.5,,
255,북창원,2020-03,10.3,22.2,35.3,11.7,,
255,북창원,2020-04,12.8,25.7,55.4,30.2,,
255,북창원,2020-05,19.3,29.5,51.5,26.2,,
255,북창원,2020-06,23.9,34.3,217.7,78,,
255,북창원,2020-07,23.6,33.7,468.6,86.5,,
255,북창원,2020-08,28.7,36.9,233.8,70.1,,
255,북창원,2020-09,22.1,31.2,473.8,149,,
255,북창원,2020-10,16.6,27.9,19.4,11.8,,
255,북창원,2020-11,11.6,24.6,71.2,64.7,,
255,북창원,2020-12,3.7,14.3,9.5,5.1,,
255,북창원,2021-01,2.8,18.1,16.3,13.6,,
255,북창원,2021-02,7,23.2,34.4,16.8,,
255,북창원,2021-03,11.9,24.9,192.2,76.9,,
255,북창원,2021-04,15.1,27.8,76.5,26.8,,
255,북창원,2021-05,18.6,30.4,147,68.4,,
255,북창원,2021-06,23.1,31.8,120.3,46.6,,
255,북창원,2021-07,27.4,34.4,443.5,169.4,,
255,북창원,2021-08,26.8,37.4,295,146.9,,
255,북창원,2021-09,23.2,31.6,112.5,33.3,,
255,북창원,2021-10,17.8,31.1,47,36.2,,
255,북창원,2021-11,11,22.2,68.2,43.2,,
255,북창원,2021-12,4.9,18,2.9,2.9,,
257,양산시,2020-01,5.6,19.3,103.7,61,,
257,양산시,2020-02,6.1,19.6,70,37.2,,
257,양산시,2020-03,10,21.4,47,22.6,,
257,양산시,2020-04,12.5,25.4,59.5,25.7,,
257,양산시,2020-05,18.8,29.8,67.3,36,,
257,양산시,2020-06,23.7,33.8,217.6,70.4,,
257,양산시,2020-07,23.2,32.7,495.7,96.5,,
257,양산시,2020-08,27.9,37.8,270.4,95,,
257,양산시,2020-09,21.8,31,452,195.5,,
257,양산시,2020-10,16.3,28.1,27.5,16.7,,
257,양산시,2020-11,11.2,24.5,74.8,69.4,,
257,양산시,2020-12,3.1,13.8,7,4,,
257,양산시,2021-01,2.3,16.9,18.3,11.3,,
257,양산시,2021-02,6.3,21.4,44.8,26.6,,
257,양산시,2021-03,11.2,23,161.7,58,,
257,양산시,2021-04,14.8,28.8,91.2,34.8,,
257,양산시,2021-05,18.2,30.6,121.4,34.7,,
257,양산시,2021-06,22.8,32.8,109.1,48.8,,
257,양산시,2021-07,27.1,34.9,450.1,200.5,,
257,양산시,2021-08,26.6,37.8,453.4,160.2,,
257,양산시,2021-09,23.1,31.3,171.1,64.9,,
257,양산시,2021-10,17.6,30.4,18.6,8.7,,
257,양산시,2021-11,10.5,22.1,65.3,35.2,,
257,양산시,2021-12,4.4,17.4,3.2,3.2,,
258,보성군,2020-01,5.1,17,85.2,32.4,,
258,보성군,2020-02,5.4,16.9,44.9,23.6,,
258,보성군,2020-03,8.6,22.4,57.4,32.5,,
258,보성군,2020-04,11.4,23.5,80.2,37.5,,
258,보성군,2020-05,18.1,27.9,194.9,92.3,,
258,보성군,2020-06,23.3,32.1,417.8,100.1,,
258,보성군,2020-07,23.5,31.4,405.7,96.7,,
258,보성군,2020-08,27.8,35.1,204.2,58.4,,
258,보성군,2020-09,21.5,30.8,181,54.5,,
258,보성군,2020-10,15.9,26.7,24.7,24.4,,
258,보성군,2020-11,11.2,23.6,11.5,5.6,,
258,보성군,2020-12,3.2,14.1,8.7,6.5,,
258,보성군,2021-01,2,17.6,24.5,9.5,,
258,보성군,2021-02,5.5,23.2,30.1,14.8,,
258,보성군,2021-03,10.5,22.8,175.4,58.6,,
258,보성군,2021-04,13.9,25,94.9,48,,
258,보성군,2021-05,17.9,28,144.9,55.9,,
258,보성군,2021-06,22.9,31.3,119.4,64.1,,
258,보성군,2021-07,26.6,33.2,525.1,279.2,,
258,보성군,2021-08,26.3,35.1,408.7,198.9,,
258,보성군,2021-09,22.7,30.7,110.3,39.8,,
258,보성군,2021-10,17,29.6,35.2,26,,
258,보성군,2021-11,10.1,22.1,37.7,19.4,,
258,보성군,2021-12,4.3,16.6,2.1,2.1,,
259,강진군,2020-01,4.7,18.6,95,33,,
259,강진군,2020-02,5.1,19.2,40.9,16,,
259,강진군,2020-03,8.4,21.9,37.9,18,,
259,강진군,2020-04,11,23,63.6,25.5,,
259,강진군,2020-05,17.9,27.8,161.5,56.5,,
259,강진군,2020-06,22.7,31.4,332.1,93,,
259,강진군,2020-07,23.2,31.4,398.5,91.5,,
259,강진군,2020-08,27.6,34.3,253.1,112,,
259,강진군,2020-09,21.3,30.5,221,84.5,,
259,강진군,2020-10,15.3,26.9,24.7,24,,
259,강진군,2020-11,10.7,23.8,12.1,7.5,,
259,강진군,2020-12,2.5,14.8,14,7.5,,
259,강진군,2021-01,1.4,16.8,38.4,11.5,,
259,강진군,2021-02,5.2,22.4,33.7,15.5,,
259,강진군,2021-03,10.1,22.5,153.3,47.8,,
259,강진군,2021-04,13.9,26,50.5,24.2,,
259,강진군,2021-05,17.8,28.7,130.8,43.9,,
259,강진군,2021-06,22.8,31.2,134.3,53.9,,
259,강진군,2021-07,26.6,34.2,498.1,210.9,,
259,강진군,2021-08,26.3,35.2,269.9,126.9,,
259,강진군,2021-09,22.9,31.4,105.6,26,,
259,강진군,2021-10,17,30.4,21.4,8.5,,
259,강진군,2021-11,9.8,21.8,54.5,22.2,,
259,강진군,2021-12,3.8,15.8,4.3,1.9,,
260,장흥,2020-01,4.3,19.6,100.8,32.9,,
260,장흥,2020-02,4.7,18.7,41.3,13.7,,
260,장흥,2020-03,8.1,22.6,39.6,19.1,,
260,장흥,2020-04,10.4,23.3,63.3,26,,
260,장흥,2020-05,17.5,27,152.7,70.3,,
260,장흥,2020-06,22.3,31.1,311.5,87,,
260,장흥,2020-07,22.8,31.5,354.1,91.3,,
260,장흥,2020-08,27,34.4,355.1,96.3,,
260,장흥,2020-09,20.7,30.6,219.2,89.6,,
260,장흥,2020-10,14.5,26.5,21.9,21.9,,
260,장흥,2020-11,10,23.1,20.1,14.8,,
260,장흥,2020-12,2,14.4,12.6,8.2,,
260,장흥,2021-01,1,17,32.2,11.3,,
260,장흥,2021-02,4.7,23.3,34.5,17.1,,
260,장흥,2021-03,9.6,21.9,160,60.8,,
260,장흥,2021-04,13.3,24.8,53.8,29.3,,
260,장흥,2021-05,17.3,27.4,122.8,34.8,,
260,장흥,2021-06,22.2,30.4,110.1,60.5,,
260,장흥,2021-07,26,33.3,452.5,211.2,,
260,장흥,2021-08,25.7,34.5,330.7,118.2,,
260,장흥,2021-09,22.4,30.2,96.3,38.9,,
260,장흥,2021-10,16.1,29.3,35.4,22.1,,
260,장흥,2021-11,9.1,22.2,43.5,18.1,,
260,장흥,2021-12,3.2,15.8,3.7,1.8,,
261,해남,2020-01,3.8,18.8,75.8,26.2,,
261,해남,2020-02,4.2,17.8,27.8,9.1,,
261,해남,2020-03,7.5,20.2,27,9.7,,
261,해남,2020-04,9.8,21.7,56.7,17.3,,
261,해남,2020-05,17.1,26.9,188.1,59.4,,
261,해남,2020-06,22,30.4,257.7,100.2,,
261,해남,2020-07,22.7,31,319.6,81.8,,
261,해남,2020-08,27.4,34.2,153.7,85.4,,
261,해남,2020-09,20.8,31.3,295.7,113.9,,
261,해남,2020-10,14.3,26.5,27.4,27,,
261,해남,2020-11,10,22.9,6.9,2.5,,
261,해남,2020-12,1.4,13.7,13.9,8.4,,
261,해남,2021-01,.9,15.8,36.3,13.9,,
261,해남,2021-02,4.3,20.9,33.1,16.4,,
261,해남,2021-03,8.9,22.3,127.2,34.6,,
261,해남,2021-04,13,24.2,43.5,22.9,,
261,해남,2021-05,17.1,28.7,128.9,39.9,,
261,해남,2021-06,22.3,30.5,127.4,31.9,,
261,해남,2021-07,26.3,33.7,500.7,297.3,,
261,해남,2021-08,25.8,34.8,172.3,29,,
261,해남,2021-09,22,30.5,108.2,36.5,,
261,해남,2021-10,15.6,29.7,25.8,12.2,,
261,해남,2021-11,8.5,21.4,77.9,33.5,,
261,해남,2021-12,2.3,14.9,6.6,2.2,,
262,고흥,2020-01,4,17.8,79,25.3,,
262,고흥,2020-02,4.5,17.9,44.5,19.6,,
262,고흥,2020-03,7.9,22.1,45.1,26.8,,
262,고흥,2020-04,10.3,21.7,80.2,40.5,,
262,고흥,2020-05,16.9,26.2,151.1,88.9,,
262,고흥,2020-06,22,30.8,304.9,82.2,,
262,고흥,2020-07,22.6,31.6,334.2,102.5,,
262,고흥,2020-08,27,34.2,181.8,90.8,,
262,고흥,2020-09,20.7,30,256,105.3,,
262,고흥,2020-10,15,26.5,24.9,24.7,,
262,고흥,2020-11,10,22.2,9.1,5,,
262,고흥,2020-12,2,13.6,9.4,7,,
262,고흥,2021-01,1.4,15.9,19.8,10.2,,
262,고흥,2021-02,5.2,21.9,35.5,17.6,,
262,고흥,2021-03,9.6,22.2,128.8,39.8,,
262,고흥,2021-04,13.4,24.4,71.8,29.8,,
262,고흥,2021-05,17.3,27.7,112.9,37.3,,
262,고흥,2021-06,21.7,30.1,80.9,40.8,,
262,고흥,2021-07,25.8,33.1,450.8,294.3,,
262,고흥,2021-08,25.7,34.6,275.6,95.7,,
262,고흥,2021-09,22.1,29.7,96.3,24.4,,
262,고흥,2021-10,16.4,29.2,16.5,9,,
262,고흥,2021-11,9.7,21.6,50,34.3,,
262,고흥,2021-12,3.7,16.1,.9,.9,,
263,의령군,2020-01,3.2,18.1,100,42.5,,
263,의령군,2020-02,4.7,19.7,38.1,18,,
263,의령군,2020-03,9.1,23.6,33,12,,
263,의령군,2020-04,11.8,25.8,51.3,24,,
263,의령군,2020-05,18.7,29.4,63.5,26.5,,
263,의령군,2020-06,24,34.9,180.2,66,,
263,의령군,2020-07,23.3,32.5,559.5,99.5,,
263,의령군,2020-08,27.7,36.5,346.6,99.5,,
263,의령군,2020-09,20.7,30.1,317.8,122.5,,
263,의령군,2020-10,14.3,27,23.5,20.5,,
263,의령군,2020-11,8.9,24.3,24.8,19,,
263,의령군,2020-12,.7,13.9,9.2,5,,
263,의령군,2021-01,.6,17.4,14.7,12.1,,
263,의령군,2021-02,4.9,24.6,25.1,15.1,,
263,의령군,2021-03,10.1,25,132.2,55.1,,
263,의령군,2021-04,14,28,64,26.1,,
263,의령군,2021-05,18.3,30.5,102.7,27.6,,
263,의령군,2021-06,23.1,33.4,73,23.7,,
263,의령군,2021-07,26.9,35.8,389.9,155.3,,
263,의령군,2021-08,26.3,38.3,207.1,71.4,,
263,의령군,2021-09,21.8,30.8,94.3,37.1,,
263,의령군,2021-10,15.6,31,57.3,31.2,,
263,의령군,2021-11,8,22.7,43.2,28.2,,
263,의령군,2021-12,2,17.3,2,2,,
264,함양군,2020-01,2.8,15.6,95.6,37,,
264,함양군,2020-02,3.8,20.2,45.3,23.5,,
264,함양군,2020-03,8,24.5,31,7.5,,
264,함양군,2020-04,10.4,26.6,60.1,33.5,,
264,함양군,2020-05,18,29.7,62.7,15.5,,
264,함양군,2020-06,23.1,34.2,171.5,42,,
264,함양군,2020-07,22.6,31.5,605.8,123,,
264,함양군,2020-08,26.4,36.3,618,203.5,,
264,함양군,2020-09,19.3,29.6,177.5,45,,
264,함양군,2020-10,13.1,26.8,12.8,11,,
264,함양군,2020-11,7.9,24.1,26.2,20.5,,
264,함양군,2020-12,.8,13.6,4.1,3,,
264,함양군,2021-01,-.5,15.2,24.7,9.7,,
264,함양군,2021-02,3.9,23,27.9,14.5,,
264,함양군,2021-03,9,23.7,68.3,21.6,,
264,함양군,2021-04,13.3,27.1,37.2,18.9,,
264,함양군,2021-05,16.8,30.5,108.3,42,,
264,함양군,2021-06,22.1,33,112.7,23.1,,
264,함양군,2021-07,25.8,35.4,196.1,75.8,,
264,함양군,2021-08,24.9,36.2,229.7,57.1,,
264,함양군,2021-09,21.1,30.6,105.5,18,,
264,함양군,2021-10,14.4,31.2,59.6,22.9,,
264,함양군,2021-11,7.2,21.5,43.5,22.6,,
264,함양군,2021-12,2,15.8,1.4,.8,,
266,광양시,2020-01,5.4,16.7,78.2,36.5,,
266,광양시,2020-02,6.3,18.6,41.4,21,,
266,광양시,2020-03,10,22.5,41.2,23,,
266,광양시,2020-04,12.6,24,54,23,,
266,광양시,2020-05,18.7,29.3,176.9,73,,
266,광양시,2020-06,23.2,32.8,353,99.5,,
266,광양시,2020-07,22.9,31.7,483.1,116.5,,
266,광양시,2020-08,27.5,35.7,336.5,93,,
266,광양시,2020-09,21.7,30.9,199.8,120.5,,
266,광양시,2020-10,16.6,27.3,33.9,33.5,,
266,광양시,2020-11,11.5,23.4,11,8,,
266,광양시,2020-12,3.7,14.5,12,5,,
266,광양시,2021-01,2.5,16.2,17.7,9,,
266,광양시,2021-02,6.2,23.3,27.1,13.5,,
266,광양시,2021-03,11.3,23.4,136.7,58,,
266,광양시,2021-04,14.9,26,78.6,33.5,,
266,광양시,2021-05,18.4,29.1,80.1,28,,
266,광양시,2021-06,22.8,31.6,98.8,52,,
266,광양시,2021-07,26.7,34.8,379.1,206.5,,
266,광양시,2021-08,26.3,36.5,354.3,83,,
266,광양시,2021-09,22.6,30.2,146.6,41,,
266,광양시,2021-10,17.8,30.3,57.8,26,,
266,광양시,2021-11,11.2,22.4,44.6,28.5,,
266,광양시,2021-12,5.2,17.1,1.6,1.5,,
268,진도군,2020-01,5.3,18.2,69,27,,
268,진도군,2020-02,5.4,16.8,27.5,9,,
268,진도군,2020-03,8.3,19.3,26.7,10,,
268,진도군,2020-04,10.5,21.1,61.5,24.7,,
268,진도군,2020-05,17,24.7,212.9,83.5,,
268,진도군,2020-06,21.8,30.7,324.3,119.6,,
268,진도군,2020-07,22.8,30.8,320.2,75.7,,
268,진도군,2020-08,27.4,33,100.3,51.1,,
268,진도군,2020-09,21.4,31.3,309.1,144.8,,
268,진도군,2020-10,15.6,26.2,24.9,24.4,,
268,진도군,2020-11,11.4,23.6,17.3,10.3,,
268,진도군,2020-12,3.5,13.8,21.8,9,,
268,진도군,2021-01,2.7,16.3,43.9,17.1,,
268,진도군,2021-02,5.6,21.4,44.1,21.6,,
268,진도군,2021-03,9.6,21.8,142.3,45.9,,
268,진도군,2021-04,13.7,24.5,75.5,53,,
268,진도군,2021-05,17.4,27.7,144.7,48.9,,
268,진도군,2021-06,,30.3,147.8,103.2,,
268,진도군,2021-07,26.2,33.3,551.9,266.3,,
268,진도군,2021-08,25.7,33.2,188.2,45.3,,
268,진도군,2021-09,22.7,29.3,124.7,40.3,,
268,진도군,2021-10,16.9,28.8,9.9,3.4,,
268,진도군,2021-11,10.1,21.3,65.8,31.1,,
268,진도군,2021-12,4.4,15,10.3,6.2,,
271,봉화,2020-01,.9,13,60.7,44.8,,
271,봉화,2020-02,1.8,16.4,51.8,21.7,,
271,봉화,2020-03,6.2,20.5,17.1,7.7,,
271,봉화,2020-04,8.7,24.7,30.1,13.1,,
271,봉화,2020-05,15.8,28.4,114.8,38.5,,
271,봉화,2020-06,20.8,32.8,115.3,38.1,,
271,봉화,2020-07,20.6,28.8,272.5,62.6,,
271,봉화,2020-08,23.9,31.7,434.9,151.2,,
271,봉화,2020-09,17.6,26.6,153.5,55.2,,
271,봉화,2020-10,10.8,21.6,1.4,1.1,,
271,봉화,2020-11,6,19.9,40.4,35.8,,
271,봉화,2020-12,-3.4,9,4.8,4.8,,
271,봉화,2021-01,-4.5,10.2,12.3,5.7,,
271,봉화,2021-02,.3,19.5,11.6,8.1,,
271,봉화,2021-03,5.9,19.8,97.6,59.4,,
271,봉화,2021-04,9.7,25.1,92.3,40.1,,
271,봉화,2021-05,13,26.1,191.6,93.7,,
271,봉화,2021-06,18.1,27.4,70.7,24.3,,
271,봉화,2021-07,22.2,31.2,176.9,44,,
271,봉화,2021-08,20.7,30.9,228.2,50.4,,
271,봉화,2021-09,17.3,26.1,159.6,77.1,,
271,봉화,2021-10,11.3,25.5,41.6,15.5,,
271,봉화,2021-11,5.6,18.5,43.9,21.8,,
271,봉화,2021-12,.2,12.8,2.8,1.7,,
272,영주,2020-01,1.4,12.7,67.6,58.4,,
272,영주,2020-02,2.1,15.8,62.1,31.1,,
272,영주,2020-03,7.2,22.7,16.1,7,,
272,영주,2020-04,10.3,25.3,26.2,14.9,,
272,영주,2020-05,17.1,30,147.2,57.2,,
272,영주,2020-06,22.5,33.5,142.3,50,,
272,영주,2020-07,21.7,30.4,445.9,92.9,,
272,영주,2020-08,25,33,437.1,72.2,,
272,영주,2020-09,18.7,27.4,108.3,35.8,,
272,영주,2020-10,12.1,23.8,1.2,1.1,,
272,영주,2020-11,6.9,19.9,40.1,32,,
272,영주,2020-12,-1.2,9.9,5.8,5.8,,
272,영주,2021-01,-3,11.7,11.4,5,,
272,영주,2021-02,1.9,21.6,8.2,7.1,,
272,영주,2021-03,8,21.7,144.2,77,,
272,영주,2021-04,12.3,27.3,118.8,51.8,,
272,영주,2021-05,15.5,28.4,153.3,64.9,,
272,영주,2021-06,20.9,30.5,74.2,25.6,,
272,영주,2021-07,25,34.1,272.6,67.2,,
272,영주,2021-08,23.2,34.4,270.3,59.1,,
272,영주,2021-09,19.4,28.8,199.9,111,,
272,영주,2021-10,13.3,27.6,43.5,15.6,,
272,영주,2021-11,6.6,19.9,47.7,22.8,,
272,영주,2021-12,.4,13.3,2.4,1.1,,
273,문경,2020-01,2,11.8,61.5,43.5,,
273,문경,2020-02,2.5,15.8,71.8,39.1,,
273,문경,2020-03,7.6,23.4,15.4,6.6,,
273,문경,2020-04,10.9,26.5,28.7,16,,
273,문경,2020-05,17.4,30.6,129.3,44.5,,
273,문경,2020-06,22.8,34,175.9,67.4,,
273,문경,2020-07,21.9,30.5,595.7,103.7,,
273,문경,2020-08,25.7,33.2,454.4,80,,
273,문경,2020-09,19,28.2,118.4,31.9,,
273,문경,2020-10,12.8,24.4,1.7,1.2,,
273,문경,2020-11,7.5,19.6,38.4,28.6,,
273,문경,2020-12,-.5,10.7,3.2,3.2,,
273,문경,2021-01,-2.2,11.9,13.4,2.9,,
273,문경,2021-02,2.7,22.4,10.7,8.6,,
273,문경,2021-03,8.5,22.3,107.1,48,,
273,문경,2021-04,12.9,28,90.8,43.2,,
273,문경,2021-05,15.9,28.8,178.4,74.1,,
273,문경,2021-06,21.3,30.7,86.5,25.2,,
273,문경,2021-07,25.3,33.9,332.7,74.3,,
273,문경,2021-08,23.6,34.7,272.8,49.3,,
273,문경,2021-09,19.9,29,199.2,69,,
273,문경,2021-10,14,28.4,36.7,12.3,,
273,문경,2021-11,7.5,20.4,36.5,19.3,,
273,문경,2021-12,1.1,13.6,2.5,1,,
276,청송군,2020-01,.7,14.1,95.2,39,,
276,청송군,2020-02,1.7,17.5,54.1,43,,
276,청송군,2020-03,6.5,22.3,14.5,9.5,,
276,청송군,2020-04,9.5,25.4,39.5,18.5,,
276,청송군,2020-05,16.7,29.8,50.5,23.5,,
276,청송군,2020-06,21.9,36.4,117.1,31.5,,
276,청송군,2020-07,21.2,31.4,389.6,87,,
276,청송군,2020-08,25.7,34.9,249.2,67,,
276,청송군,2020-09,18.5,28.4,221.5,89.5,,
276,청송군,2020-10,11.6,24.8,4.5,4,,
276,청송군,2020-11,6.4,23,48.1,44.5,,
276,청송군,2020-12,-2.4,11.7,2,2,,
276,청송군,2021-01,-3.1,13.7,8.6,5.4,,
276,청송군,2021-02,1.4,22.7,13,9.9,,
276,청송군,2021-03,6.9,22.7,96.5,54.7,,
276,청송군,2021-04,11.1,28.3,74.2,25,,
276,청송군,2021-05,15.1,29.5,125.4,30.7,,
276,청송군,2021-06,20.5,31.4,70.1,21.8,,
276,청송군,2021-07,24.8,36.4,155.6,29.9,,
276,청송군,2021-08,23.8,35.3,195.4,45,,
276,청송군,2021-09,19.7,30,142.7,41.7,,
276,청송군,2021-10,13.1,30.8,59.9,28.6,,
276,청송군,2021-11,5.5,19.8,39,19.9,,
276,청송군,2021-12,-.3,13.6,7.3,6.6,,
277,영덕,2020-01,4.2,13.9,118.4,55.5,,
277,영덕,2020-02,4.7,16.5,51.6,33.3,,
277,영덕,2020-03,8.4,23.2,14.3,10.9,,
277,영덕,2020-04,11.5,27,40,27.4,,
277,영덕,2020-05,17.2,30.9,56.1,33.6,,
277,영덕,2020-06,22.1,35.1,165.6,68.8,,
277,영덕,2020-07,21,31.3,507.5,124.2,,
277,영덕,2020-08,26.2,35.4,123.3,47.3,,
277,영덕,2020-09,19.6,28.8,205.7,77.1,,
277,영덕,2020-10,14.5,25.5,1.5,1.3,,
277,영덕,2020-11,10.1,23.2,24.6,22.6,,
277,영덕,2020-12,2.6,13.7,.2,.2,,
277,영덕,2021-01,.6,16.1,8.1,4.8,,
277,영덕,2021-02,4.9,23.9,8.4,5.7,,
277,영덕,2021-03,9.2,19.6,73.9,35.8,,
277,영덕,2021-04,12.2,26.2,68.6,27.6,,
277,영덕,2021-05,16.2,28.4,130.7,50.3,,
277,영덕,2021-06,20.4,30.8,58.6,20.8,,
277,영덕,2021-07,24.7,34.6,139.2,38.7,,
277,영덕,2021-08,23.8,34,456.7,110,,
277,영덕,2021-09,20.6,28.7,159.5,45.2,,
277,영덕,2021-10,15.4,29.5,148.1,46.5,,
277,영덕,2021-11,9.9,20.2,35.2,20.4,,
277,영덕,2021-12,3.7,16.4,0,0,,
278,의성,2020-01,1.2,13,58.9,31.5,,
278,의성,2020-02,2.1,17.2,54.8,38.7,,
278,의성,2020-03,7.2,23.2,17.1,8,,
278,의성,2020-04,10.3,26.8,35.2,16.7,,
278,의성,2020-05,17.7,31.7,54.9,22.2,,
278,의성,2020-06,23.1,35.9,144.3,43.2,,
278,의성,2020-07,22.5,31.8,373.8,71.5,,
278,의성,2020-08,26.8,35.1,222.3,67.8,,
278,의성,2020-09,19.5,29,116.5,37.6,,
278,의성,2020-10,12.3,25.7,4.6,4,,
278,의성,2020-11,6.5,23.2,45.1,38.9,,
278,의성,2020-12,-2.2,12.1,1.4,1.2,,
278,의성,2021-01,-2.9,14,8.6,5.1,,
278,의성,2021-02,1.9,24.1,14.6,10.2,,
278,의성,2021-03,8,23.8,100.4,53.7,,
278,의성,2021-04,12.7,29.6,72.4,26.1,,
278,의성,2021-05,16.2,30.7,121.2,35.8,,
278,의성,2021-06,21.7,32.4,62.6,24.8,,
278,의성,2021-07,25.8,36.5,134.5,27.8,,
278,의성,2021-08,24.5,37,220.9,42.1,,
278,의성,2021-09,20.5,30,125.9,48.2,,
278,의성,2021-10,13.8,30.2,54.2,29.4,,
278,의성,2021-11,6.2,20.8,46.3,28.6,,
278,의성,2021-12,.1,13.8,.1,.1,,
279,구미,2020-01,3.3,14.4,61,27.2,,
279,구미,2020-02,4.3,17.5,56.5,39.5,,
279,구미,2020-03,9.1,23.7,19.9,9.1,,
279,구미,2020-04,12.4,27.6,36.4,23.4,,
279,구미,2020-05,19.1,30.9,67.4,24.1,,
279,구미,2020-06,24.1,35.1,198.1,78.7,,
279,구미,2020-07,23,32.1,434,85.6,,
279,구미,2020-08,27.3,34.9,401,107.6,,
279,구미,2020-09,20.3,29.7,152.5,50,,
279,구미,2020-10,14.3,26.3,6,5.4,,
279,구미,2020-11,8.7,23,34.2,29.2,,
279,구미,2020-12,.9,12.6,2.5,2.3,,
279,구미,2021-01,-.4,15.1,9.8,5.6,,
279,구미,2021-02,3.9,24,14.7,10,,
279,구미,2021-03,9.8,23.6,89.7,41.7,,
279,구미,2021-04,14.5,28.7,46.9,19.6,,
279,구미,2021-05,17.7,30.1,121.3,21.9,,
279,구미,2021-06,23.2,32.9,44.2,20.6,,
279,구미,2021-07,26.5,35.4,259.7,80,,
279,구미,2021-08,24.9,35.6,290,58.3,,
279,구미,2021-09,21.2,29.8,115.9,39.9,,
279,구미,2021-10,15.2,29.8,50,21.9,,
279,구미,2021-11,8.5,20.7,55.7,37.6,,
279,구미,2021-12,2.3,14.8,.1,.1,,
281,영천,2020-01,3.3,15.1,101.3,48,,
281,영천,2020-02,4.2,17.4,55.4,42.5,,
281,영천,2020-03,8.2,23.1,21.1,10.5,,
281,영천,2020-04,11.3,26.6,36.5,18.2,,
281,영천,2020-05,18,29,46.4,21.3,,
281,영천,2020-06,23,35.3,142,39.2,,
281,영천,2020-07,22,31.3,338.5,74.9,,
281,영천,2020-08,27,35.6,246.9,110.6,,
281,영천,2020-09,19.8,29.3,201.6,79.9,,
281,영천,2020-10,13.8,25.5,11.1,10,,
281,영천,2020-11,8.3,24.1,32.8,28.9,,
281,영천,2020-12,.6,12.6,.9,.9,,
281,영천,2021-01,-.5,15.7,11.9,10.1,,
281,영천,2021-02,4.1,23.6,15.5,10.1,,
281,영천,2021-03,8.9,22.8,99.7,41.1,,
281,영천,2021-04,13,27.7,66.5,31.6,,
281,영천,2021-05,16.8,30.3,93.7,25.3,,
281,영천,2021-06,21.7,32.6,28.7,13.1,,
281,영천,2021-07,25.4,36.4,271.4,50.4,,
281,영천,2021-08,24.5,35.1,272,95.6,,
281,영천,2021-09,20.8,30.1,120.4,67.4,,
281,영천,2021-10,14.8,30.5,63.7,22.8,,
281,영천,2021-11,7.9,20.2,50.6,30.2,,
281,영천,2021-12,1.9,14.7,.1,.1,,
283,경주시,2020-01,3.9,16.8,161.6,71.5,,
283,경주시,2020-02,4.6,19.3,43.1,34,,
283,경주시,2020-03,8.7,24.4,24.5,15,,
283,경주시,2020-04,11.8,27,53.4,30.5,,
283,경주시,2020-05,18.5,30.3,39.9,18,,
283,경주시,2020-06,23.5,35.6,186,51.5,,
283,경주시,2020-07,22.4,32.9,381.5,84.5,,
283,경주시,2020-08,27.6,36.9,137.8,80.5,,
283,경주시,2020-09,20.2,30.9,314.5,118,,
283,경주시,2020-10,14.7,27.1,7.9,6,,
283,경주시,2020-11,9.2,24.2,19.6,15.9,,
283,경주시,2020-12,1.5,14.4,1.8,.7,,
283,경주시,2021-01,0,16.6,19.3,12.5,,
283,경주시,2021-02,4.7,24.2,20.2,8.9,,
283,경주시,2021-03,9.2,23,89.9,36.7,,
283,경주시,2021-04,13.1,27.9,45.2,19.4,,
283,경주시,2021-05,17.4,30.7,93.6,37,,
283,경주시,2021-06,22.3,32.9,30.1,9.8,,
283,경주시,2021-07,26.1,36.6,175.2,34.3,,
283,경주시,2021-08,25,36.1,359,89.3,,
283,경주시,2021-09,21.4,31.9,143.5,58.8,,
283,경주시,2021-10,15.7,31.5,93.4,50.6,,
283,경주시,2021-11,8.7,20.9,40.4,22.8,,
283,경주시,2021-12,2.6,16.4,2.3,2.3,,
284,거창,2020-01,1.9,14.9,85.5,34.8,,
284,거창,2020-02,3.2,20,47.8,25.1,,
284,거창,2020-03,7.7,23.4,28.3,9.1,,
284,거창,2020-04,10.3,26.5,48.3,27.6,,
284,거창,2020-05,17.6,29.6,75.7,21.7,,
284,거창,2020-06,22.5,33.7,181.4,40.1,,
284,거창,2020-07,22.1,31.6,591.6,115.8,,
284,거창,2020-08,26.1,36.2,467,171.9,,
284,거창,2020-09,18.8,28.9,160.7,56,,
284,거창,2020-10,12.6,26.2,11.9,10,,
284,거창,2020-11,7.3,22,24.9,18.6,,
284,거창,2020-12,-.3,12,3.6,3.6,,
284,거창,2021-01,-1,14.6,12.5,6.8,,
284,거창,2021-02,3.2,22.8,26.3,12.5,,
284,거창,2021-03,8.7,23.1,82.5,27.5,,
284,거창,2021-04,12.8,27.4,49.2,20.8,,
284,거창,2021-05,16.4,29.8,102.5,33.7,,
284,거창,2021-06,21.5,32,82.1,28.3,,
284,거창,2021-07,25.1,35,211.3,95.7,,
284,거창,2021-08,24.2,35.4,328.4,72.3,,
284,거창,2021-09,20.3,30,91.9,20.6,,
284,거창,2021-10,14,30.1,54.6,26.7,,
284,거창,2021-11,7,20.2,38.9,22.8,,
284,거창,2021-12,1.6,15,0,0,,
285,합천,2020-01,2.6,17.1,78.1,26.8,,
285,합천,2020-02,4.3,19.1,37.4,19.1,,
285,합천,2020-03,8.8,23.3,29.7,8.2,,
285,합천,2020-04,11.8,25.7,44.6,24.9,,
285,합천,2020-05,18.6,28.8,84.3,39,,
285,합천,2020-06,23.5,35.1,186.8,52,,
285,합천,2020-07,22.7,31.6,573.2,106.9,,
285,합천,2020-08,27,35.6,466.2,186.3,,
285,합천,2020-09,20.1,29.6,193.7,68.4,,
285,합천,2020-10,13.8,25.8,16.3,15.1,,
285,합천,2020-11,8.4,23.5,17.8,13.3,,
285,합천,2020-12,.7,12.9,5.4,3,,
285,합천,2021-01,.1,17.7,16.9,12,,
285,합천,2021-02,4.3,24.2,19.9,11,,
285,합천,2021-03,9.7,24.3,113.1,38,,
285,합천,2021-04,14,28.7,53.9,22.6,,
285,합천,2021-05,17.7,29.9,117,33.4,,
285,합천,2021-06,22.5,32.4,71.2,20.2,,
285,합천,2021-07,25.9,35.7,227.1,56.4,,
285,합천,2021-08,25,36.6,322,78.2,,
285,합천,2021-09,21.3,30.2,122.4,47.6,,
285,합천,2021-10,15.4,30.9,38.2,19.8,,
285,합천,2021-11,8.1,21.8,43.5,29.7,,
285,합천,2021-12,2.4,15.6,1.2,1.2,,
288,밀양,2020-01,3.6,18.1,78.2,34.1,,
288,밀양,2020-02,4.8,19.8,61.6,40.9,,
288,밀양,2020-03,9.1,22.9,36.1,12.9,,
288,밀양,2020-04,11.9,25.9,44.4,21.7,,
288,밀양,2020-05,18.9,29.1,50.3,25.5,,
288,밀양,2020-06,23.9,35.1,204.7,69.5,,
288,밀양,2020-07,23.1,31.8,403.6,75.4,,
288,밀양,2020-08,27.8,36.2,197.2,92.7,,
288,밀양,2020-09,21,30.7,236,78.1,,
288,밀양,2020-10,14.6,26.6,13.6,10.4,,
288,밀양,2020-11,9.3,23.9,68,62.7,,
288,밀양,2020-12,1.2,12.7,5.1,3.4,,
288,밀양,2021-01,.4,16.3,16.6,14.3,,
288,밀양,2021-02,4.3,23.7,23.1,14.7,,
288,밀양,2021-03,10.1,24.8,134.3,46.6,,
288,밀양,2021-04,14,28.4,66.7,28.2,,
288,밀양,2021-05,18.2,30.6,107.9,28.5,,
288,밀양,2021-06,23.2,33.3,68.9,24.3,,
288,밀양,2021-07,26.7,35.9,308.2,87.9,,
288,밀양,2021-08,26.2,37.8,302.3,121.6,,
288,밀양,2021-09,22.7,31.4,60.9,19.1,,
288,밀양,2021-10,16.5,30.8,61.2,40.7,,
288,밀양,2021-11,8.8,22.4,49.4,29,,
288,밀양,2021-12,2.8,15.4,3,3,,
289,산청,2020-01,2.9,16.9,89.1,35.4,,
289,산청,2020-02,4.1,19.7,37.4,15.6,,
289,산청,2020-03,8.1,22.8,29.2,9,,
289,산청,2020-04,11,25.1,63.6,33.3,,
289,산청,2020-05,18.2,28.6,71.7,26.9,,
289,산청,2020-06,23.2,33.3,194.8,71.7,,
289,산청,2020-07,22.5,32.2,658.1,114.2,,
289,산청,2020-08,26.7,36.2,712,197.9,,
289,산청,2020-09,19.5,29.6,228.5,78.5,,
289,산청,2020-10,13.6,25.7,15.9,14.7,,
289,산청,2020-11,8.4,23.3,31.4,25.3,,
289,산청,2020-12,1.2,13.5,5.1,3.5,,
289,산청,2021-01,-.2,16.7,18.9,10.9,,
289,산청,2021-02,3.7,24.4,26.5,14.1,,
289,산청,2021-03,9.5,22.9,122.4,42.7,,
289,산청,2021-04,13.8,26.8,50.5,28.1,,
289,산청,2021-05,17.2,29.9,123.4,35.1,,
289,산청,2021-06,22.1,31.5,86.8,23.3,,
289,산청,2021-07,25.8,34.4,205.3,60,,
289,산청,2021-08,25.1,36.3,264.3,60.4,,
289,산청,2021-09,21,30.3,146.1,37.5,,
289,산청,2021-10,14.9,29.8,46.6,19.9,,
289,산청,2021-11,7.8,21,50.3,27.1,,
289,산청,2021-12,2.1,14.8,1.7,1.7,,
294,거제,2020-01,5.6,19.3,147.6,63.9,,
294,거제,2020-02,6.5,17.5,77.8,42.5,,
294,거제,2020-03,10.1,20.6,72.1,37,,
294,거제,2020-04,12.4,22.4,92.1,41.7,,
294,거제,2020-05,17.8,26.5,115.9,63.7,,
294,거제,2020-06,22.5,32.2,383.1,86.6,,
294,거제,2020-07,22.3,29.9,673.4,165.7,,
294,거제,2020-08,27.1,34.5,427.8,199.3,,
294,거제,2020-09,21.4,29.4,400.9,173.1,,
294,거제,2020-10,16.2,25.6,31.9,17.8,,
294,거제,2020-11,11.3,23.1,48.5,42.4,,
294,거제,2020-12,3.6,12.8,10.7,5.1,,
294,거제,2021-01,2.9,15.6,22.8,16.8,,
294,거제,2021-02,6.6,19.2,81.4,50.5,,
294,거제,2021-03,10.8,22.3,181.7,42.8,,
294,거제,2021-04,14.3,25.2,138.2,64.4,,
294,거제,2021-05,17.8,27.5,197.3,64.5,,
294,거제,2021-06,21.7,29.4,266.1,122.3,,
294,거제,2021-07,26.1,32.2,494.8,139.4,,
294,거제,2021-08,25.8,34,503.3,149.3,,
294,거제,2021-09,22.3,29.3,220,68.1,,
294,거제,2021-10,17.4,28.9,11.8,8.1,,
294,거제,2021-11,10.9,20.9,105.5,80.6,,
294,거제,2021-12,5.3,16.4,5,3.9,,
295,남해,2020-01,4.9,18.6,154.1,59,,
295,남해,2020-02,6,18.4,88.5,54,,
295,남해,2020-03,9.8,21.2,70,41.5,,
295,남해,2020-04,12.5,23.4,93.8,39,,
295,남해,2020-05,18.2,27.7,184.1,81.4,,
295,남해,2020-06,22.7,31.5,364.6,91.9,,
295,남해,2020-07,22.6,31.6,687,146.4,,
295,남해,2020-08,27.2,34.6,196,51.4,,
295,남해,2020-09,21.1,29.7,313.2,125.4,,
295,남해,2020-10,15.9,25.7,28.9,25.3,,
295,남해,2020-11,11,23.2,62.8,59.6,,
295,남해,2020-12,3.3,12.3,15,7.8,,
295,남해,2021-01,2.3,15.6,21.2,12.3,,
295,남해,2021-02,6.1,22.1,50.4,28.1,,
295,남해,2021-03,10.6,22,234.4,80.6,,
295,남해,2021-04,14.3,25,119.7,57.8,,
295,남해,2021-05,18.3,28.3,170.6,70,,
295,남해,2021-06,22.1,29.7,140.3,56.6,,
295,남해,2021-07,26.1,33,507.5,269,,
295,남해,2021-08,26.1,35.5,473.2,185.7,,
295,남해,2021-09,22.2,30.1,164.6,56.2,,
295,남해,2021-10,17.2,28.9,43.6,18.2,,
295,남해,2021-11,10.7,21.7,53.5,31.3,,
295,남해,2021-12,4.9,14.9,2.4,2.4,,
